fish_id,map_id,name_vi_as_written,name_en_as_written
449,14,cá lòng tong,tiny fish
444,14,cá rô,perch fish
450,14,cá chép vàng,carp
451,15,cá lóc,snake head
452,15,cá nóc,puffer
453,15,cua,crab
456,16,cá ngựa,horsefish
454,16,cá chim,butter
455,16,cá đuối,rayfish
4506,27,cá hề,nemo
4504,27,cá lia thia,paradise
4507,27,cá vàng,golden fish
4505,27,cá chép,perch
4508,27,nhái,frog
4509,27,chàng hiu,green frog
4510,27,ếch,blue frog
4516,27,mực,squid
4518,27,bạch tuộc,octopus
4511,27,sứa,jellyfish
