original_identifier,inferred_role,libbot_line_start,libbot_line_end,direct_strings_json,nested_function_strings_json
_0x74df60,Đọc giá trị string/int/boolean từ cấu hình XML,3362,3380,"[""LICENSE_KEY"", ""/data/data/com.TeaM.Avatar/shared_prefs/AutoAppPrefs.xml"", ""r"", ""readText"", ""close"", ""match"", ""<string name=\"""", ""\"">([^<]+)</string>"", ""replace"", ""\"""", ""<int name=\"""", ""\"" value=\""([^\""]+)\"""", ""<boolean name=\"""", ""true""]",[]
_0x38515e,Cập nhật/thêm giá trị string vào cấu hình XML,3381,3394,"[""/data/data/com.TeaM.Avatar/shared_prefs/AutoAppPrefs.xml"", ""r"", ""readText"", ""close"", ""<string name=\"""", ""\"">([^<]*)</string>"", ""test"", ""replace"", ""\"">"", ""</string>"", ""</map>"", ""    <string name=\"""", ""</string>\n</map>"", ""w"", ""write"", ""flush""]",[]
_0x385fac,"Parse nhiệm vụ câu thành ID, map, số lượng và trạng thái",3398,3420,"[""split"", ""\n"", ""trim"", ""toLowerCase"", ""startsWith"", ""reward"", ""phần thưởng"", ""match"", ""includes"", ""/"", ""name"", ""id"", ""idMap"", ""push"", ""idFish"", ""currentNum"", ""requestNum"", ""status""]",[]
_0x4314e6,Scale tọa độ chuẩn 650x300 sang canvas thực,3420,3423,"[""field"", ""w"", ""value"", ""h"", ""round"", ""x"", ""y""]",[]
_0x2bf4ba,Đổi tọa độ thế giới sang tọa độ bấm theo camera/zoom,3423,3426,"[""method"", ""gI"", ""invoke"", ""Object"", ""field"", ""xCam"", ""value"", ""yCam"", ""zoom"", ""transTab"", ""x"", ""trunc"", ""y""]",[]
_0x17ca5e,Kiểm tra ngày/giờ sự kiện Chú Cuội,3426,3429,"[""getFullYear"", ""getMonth"", ""getDate"", ""getHours""]",[]
_0x449de4,Nhận diện thông báo 1 hộp bánh đã đủ tiến độ,3429,3441,"[""toLowerCase"", ""includes"", ""1 hộp bánh"", ""1 mooncake box"", ""match""]",[]
_0x3c4d04,Kiểm tra người chơi đã được ghi hoàn thành quà trong ngày chưa,3441,3454,"[""getDate"", ""/"", ""getMonth"", ""getFullYear"", ""GIFT_LIST"", ""parse"", ""date"", ""idPlayers"", ""isArray"", ""includes""]",[]
_0x55bf4a,Ghi ID người chơi vào danh sách quà theo ngày,3454,3465,"[""getDate"", ""/"", ""getMonth"", ""getFullYear"", ""GIFT_LIST"", ""date"", ""idPlayers"", ""parse"", ""includes"", ""push"", ""stringify""]",[]
_0x2e1e09,Hủy timer/polling trao đổi minigame,3465,3467,[],[]
_0x19bea8,Xuất bài minigame và chờ mảng kết quả từ bên ngoài,3467,3499,[],"[""/data/data/com.TeaM.Avatar/files"", ""/minigame_in.json"", ""/minigame_out.json"", ""w"", ""write"", """", ""flush"", ""close"", ""stringify"", ""sources"", ""targets"", "".tmp"", ""r"", ""readText"", ""trim"", ""parse"", ""isArray""]"
_0x59afe4,"Đọc ID/tên người chơi, lưu USERNAME và đọc blacklist",3534,3552,"[""field"", ""avatar"", ""value"", ""isNull"", ""IDDB"", ""String"", ""name"", ""toString"", ""USERNAME"", ""BLACKLISTED_USERNAMES"", ""parse"", ""some""]","[""includes""]"
_0x35fda9,"Tự bấm vị trí đăng nhập, lặp nếu chưa vào bản đồ",3553,3566,"[""field"", ""instance"", ""value"", ""Object"", ""method"", ""pointerPressed"", ""invoke"", ""x"", ""y""]","[""method"", ""pointerReleased"", ""invoke"", ""x"", ""y""]"
_0x476835,Lưu tọa độ đích và trạng thái thử di chuyển,3567,3570,"[""x"", ""y"", ""now""]",[]
_0x5bb368,Cộng số cá bắt được cho nhiệm vụ tương ứng,3571,3582,"[""length"", ""status"", ""idFish"", ""currentNum"", ""requestNum""]",[]
_0x4f2777,Yêu cầu/cập nhật bảng nhiệm vụ và chọn map nhiệm vụ kế tiếp,3582,3636,"[""method"", ""gI"", ""invoke"", ""Object"", ""doMenuOption""]","[""perform"", ""main"", ""method"", ""gI"", ""invoke"", ""Object"", ""close"", ""length"", ""status"", ""idMap"", ""isNull"", ""field"", ""cmdClose"", ""value"", ""floor"", ""random""]"
_0x5834a4,"Bấm mở chuyển khu, chờ và xử lý thất bại",3636,3664,"[""length"", ""x"", ""y"", ""field"", ""instance"", ""value"", ""isNull"", ""method"", ""pointerPressed"", ""invoke"", ""pointerReleased""]","[""perform""]"
_0x21db8b,Duyệt playerLists để tìm tên Chú Cuội,3882,3895,"[""field"", ""playerLists"", ""value"", ""Object"", ""method"", ""size"", ""invoke"", ""elementAt"", ""name"", ""toString"", ""trim"", ""toLocaleLowerCase"", ""includes"", ""chú cuội"", ""uncle cuoi""]",[]
_0x108c70,"Poll tìm NPC, đổi khu khi không thấy, kiểm tra hết lịch sự kiện",3897,3913,[],"[""perform"", ""main""]"
_0x57ee7a,Gửi thông báo qua text field/khung chat,3955,3980,"[""field"", ""instance"", ""value"", ""isNull"", ""Object"", ""tfChat"", ""method"", ""showTF"", ""invoke"", ""string"", ""setText"", ""alloc"", "".ctor"", ""perform""]",[]
_0x2763b5,"Đặt shop, mua mồi/vé và thử lại khi lỗi",3980,4012,[],"[""perform"", ""field"", ""instance"", ""value"", ""Object"", ""idShop"", ""method"", ""gI"", ""invoke"", ""isNull"", ""doBuyItem""]"
_0x1df3df,"Quét map để lấy vị trí chỗ câu, cổng đổi khu, vị trí nấu",4012,4035,"[""isNull"", ""field"", ""wMap"", ""value"", ""Hmap"", ""method"", ""getTypeMap"", ""invoke"", ""push"", ""x"", ""y""]",[]
_0x234e45,Chọn chỗ câu ngẫu nhiên và xử lý bấm/di chuyển/timeout,4035,4116,"[""length"", ""no fishing spot"", ""all seats failed"", ""floor"", ""random"", ""min"", ""invalid seat index"", ""perform"", ""outer error""]","["""", ""x"", ""y"", ""field"", ""instance"", ""value"", ""isNull"", ""Canvas null"", ""Object"", ""method"", ""pointerPressed"", ""invoke"", ""pointerReleased"", ""click error"", ""perform"", ""main"", ""đã quăng câu"", ""isFarming"", ""isStopTakeSeat"", ""gI"", ""cmdClose"", ""length"", ""attempt finished"", ""timeout error""]"
_0x7669c9,Giải phóng cờ đang thử chọn chỗ; không dùng đối số báo lỗi,4039,4042,"[""""]",[]
_0x28d3f9,Đóng/thoát giao diện farm bằng các nhánh dự phòng,4286,4309,"[""method"", ""gI"", ""invoke"", ""Object"", ""close"", ""getHandler"", ""commandActionPointer"", ""doJoinPark""]",[]
_0x500834,Thoát map để chuyển lộ trình; fallback chọn chỗ câu,4309,4317,"[""Object"", ""field"", ""instance"", ""value"", ""method"", ""doExit"", ""invoke"", ""now""]",[]
_0xec5551,"Đọc tồn kho, mua hạt và bổ sung vật phẩm farm",4345,4359,"[""Object"", ""field"", ""listItemFarm"", ""value"", ""method"", ""size"", ""invoke"", ""instance"", ""doBuyItem"", ""elementAt"", ""push"", ""id"", ""ID"", ""number"", ""map""]","[""findIndex"", ""method"", ""doBuyItem"", ""invoke"", ""id"", ""price"", ""number""]"
_0x403d54,"Bấm vị trí nấu ăn, timeout quay về farm",4361,4374,"[""x"", ""y"", ""field"", ""instance"", ""value"", ""isNull"", ""method"", ""pointerPressed"", ""invoke"", ""pointerReleased""]","[""perform""]"
_0x18ddcd,Chạy hàng đợi gieo lại và gọi callback khi xong,4401,4422,"[""perform""]","[""length"", ""perform"", ""field"", ""instance"", ""value"", ""isNull"", ""Object"", ""method"", ""doPlantSeed"", ""invoke""]"
_0x32ccbf,"Gieo từng ô trong hàng đợi, cách nhau 300 ms",4407,4419,"[""length"", ""perform""]","[""field"", ""instance"", ""value"", ""isNull"", ""Object"", ""method"", ""doPlantSeed"", ""invoke""]"
_0xfcca0f,Chăm và thu cây/vật nuôi; gieo lại rồi nấu/thoát farm,4422,4473,"[""Object"", ""field"", ""cell"", ""value"", ""method"", ""size"", ""invoke"", ""instance"", ""idFarm"", ""elementAt"", ""statusTree"", ""idTree"", ""isWorm"", ""setBonPhan"", ""isGrass"", ""doHervest"", ""push"", ""doUsingItem"", ""doPlantSeed"", ""gI"", ""animalLists"", ""listAnimalInfo"", ""species"", ""diedTime"", ""priceProduct"", ""harvestTime"", ""getAnimalByIndex"", ""isNull"", ""bornTime"", ""IDDB"", ""doHarvestAnimal"", ""requestTakeCareAnimal"", ""findIndex"", ""doSellAnimal"", ""pointerPressed"", ""pointerReleased"", ""length""]","[""species"", ""perform""]"
