"method_name","static_lookup_count","targets_as_written_or_resolved","libbot_input_lines"
"gI","17","AvCamera.gI;GlobalService.gI;CustomTab.gI;FishingScr.gI;ParkListSrc.gI;AvatarService.gI;FarmScr.gI;ParkService.gI;MapScr.gI;FarmService.gI","3424;3585;3592;3607;3825;3943;3993;4100;4265;4292;4296;4300;4307;4327;4333;4380;4435"
"set_runInBackground","1","UnityEngine.Application.set_runInBackground","3523"
"pointerPressed","10","_0x396af8.pointerPressed;_0x449cff.pointerPressed;_0x464e91.pointerPressed;_0x5142a7.pointerPressed;_0x2e2949.pointerPressed;_0x5ef632.pointerPressed;_0x14ede6.pointerPressed;_0x144326.pointerPressed;_0x2114f4.pointerPressed","3557;3646;3728;4068;4073;4154;4177;4366;4455;4630"
"pointerReleased","10","_0x396af8.pointerReleased;_0x449cff.pointerReleased;_0x464e91.pointerReleased;_0x5142a7.pointerReleased;_0x2e2949.pointerReleased;_0x5ef632.pointerReleased;_0x14ede6.pointerReleased;_0x144326.pointerReleased;_0x2114f4.pointerReleased","3559;3646;3728;4068;4073;4154;4177;4366;4455;4635"
"doMenuOption","1","_0x461010.doMenuOption","3589"
"close","3","_0x473eae.close;new Il2Cpp[""Object""](_0x497087).close;_0x34cc79.close","3593;4293;4395"
"perform","9","new Il2Cpp[""Object""](_0x4b31e0).perform;new Il2Cpp[""Object""](_0x19f894).perform;_0x363e91.perform;new Il2Cpp[""Object""](_0x316368).perform;new Il2Cpp[""Object""](_0x4e54ec).perform;new Il2Cpp[""Object""](_0x57dd9e).perform;new Il2Cpp[""Object""](_0x399c61).perform;new Il2Cpp[""Object""](_0x2dba2c).perform;new Il2Cpp[""Object""](_0x25b903).perform","3610;3826;3974;4103;4268;4504;4515;4528;4537"
"setText","2","TField.setText;_0x33d64d.setText","3666;3968"
"size","8","_0x4438ee.size;_0xd4ce4d.size;_0x5e38d2.size;_0x266ca4.size;_0x5c920d.size;_0x3e2765.size;new Il2Cpp[""Object""](_0x7d50cf).size;new Il2Cpp[""Object""](_0x2d3b11).size","3887;4346;4382;4425;4435;4496"
"elementAt","5","_0x4438ee.elementAt;_0xd4ce4d.elementAt;_0x5e38d2.elementAt;_0x266ca4.elementAt;_0x3e2765.elementAt","3889;4349;4384;4428;4437"
"addFlyText","1","Canvas.addFlyText","3913"
"addd","1","CustomTab.addd","3921"
"switchToMe","3","LoginScr.switchToMe;ParkListSrc.switchToMe;CookingScr.switchToMe","3932;3938;4375"
".ctor","2","_0x22227d..ctor;_0x363e91..ctor","3945;3972"
"setSelected","2","_0x22227d.setSelected","3948"
"showTF","1","_0x47645c.showTF","3965"
"doBuyItem","5","_0x185a8c.doBuyItem;_0x452dc5.doBuyItem","3997;3999;4347;4355"
"getTypeMap","1","LoadMap.getTypeMap","4023"
"update","2","LoadMap.update;FishingScr.update","4117;4489"
"doJoin","1","_0x12605e.doJoin","4131"
"onJoinPark","1","MapScr.onJoinPark","4138"
"addPopup","1","LoadMap.addPopup","4200"
"startOKDlg","1","Canvas.startOKDlg","4203"
"endDlg","3","Canvas.endDlg","4209;4213;4257"
"setPosButton","1","MsgDlg.setPosButton","4232"
"getHandler","2","new Il2Cpp[""Object""](_0x57fb10).getHandler;new Il2Cpp[""Object""](_0x13a562[""field""](""instance"")[""value""]).getHandler","4297;4338"
"commandActionPointer","5","new Il2Cpp[""Object""](_0x57a4e8).commandActionPointer;_0x27324f[""method""](""gI"")[""invoke""]().commandActionPointer;_0x527727.commandActionPointer","4301;4327;4333;4505;4529"
"doJoinPark","1","new Il2Cpp[""Object""](_0x21b8eb[""method""](""gI"")[""invoke""]()).doJoinPark","4307"
"doExit","1","_0x371918.doExit","4313"
"joinCitymap","1","MapScr.joinCitymap","4318"
"doHarvestCook","1","_0x12b38a.doHarvestCook","4388"
"doCooking","2","_0x12b38a.doCooking","4388;4391"
"doPlantSeed","2","new Il2Cpp[""Object""](_0x5f2c05).doPlantSeed;_0x4c64a4.doPlantSeed","4415;4433"
"setBonPhan","2","_0x5f50db.setBonPhan","4429;4430"
"doHervest","1","_0x4c64a4.doHervest","4431"
"doUsingItem","1","_0x4c64a4.doUsingItem","4432"
"getAnimalByIndex","1","FarmScr.getAnimalByIndex","4441"
"doHarvestAnimal","1","_0x4c64a4.doHarvestAnimal","4444"
"requestTakeCareAnimal","1","_0x11214d.requestTakeCareAnimal","4444"
"doSellAnimal","2","_0x4c64a4.doSellAnimal","4448;4449"
"resizeMap","1","FarmScr.resizeMap","4474"
"onStartFishing","1","FishingScr.onStartFishing","4484"
"doClose","1","FishingScr.doClose","4487"
"setIndex","2","_0x527727.setIndex","4556"
"onCaCanCau","1","FishingScr.onCaCanCau","4569"
"onFinish","1","FishingScr.onFinish","4609"
