"value","kind","group","occurrences","libbot_input_lines","functions"
"frida-builtins:/node-globals.js","literal","bridge/bundler","1","15","F005:frida-builtins:/node-globals.js"
"Il2CppError","literal","bridge/bundler","1","22","F006:raise"
"[0m[38;5;9mil2cpp[0m","literal","bridge/bundler","1","23","F006:raise"
"[3m[2m","literal","bridge/bundler","1","23","F006:raise"
"[0m","literal","bridge/bundler","1","23","F006:raise"
"[38;5;11mil2cpp[0m: ${message}","template","bridge/bundler","1","27","F007:warn"
"[38;5;10mil2cpp[0m: ${message}","template","bridge/bundler","1","30","F008:ok"
"[38;5;12mil2cpp[0m: ${message}","template","bridge/bundler","1","33","F009:inform"
"","literal;template","bridge/bundler;bot","18","60;1394;1542;1586;1808;2069;2187;2513;2940;2961;3475;3518;4039","F013:exportsHash;F269:callback;F295:name;F303:assemblyName;F359:toString;F388:toString;F404:tryClass;F455:toString;F511:set;F515:string;F583:setImmediate callback;F586:setTimeout callback;F650:_0x7669c9"
"@lazy can only be applied to getter accessors","literal","bridge/bundler","1","65","F016:lazy"
"node_modules/frida-il2cpp-bridge/dist/index.js","literal","bridge/bundler","1","118","F024:node_modules/frida-il2cpp-bridge/dist/index.js"
"object","literal","bridge/bundler","8","123;1515;1559;1979;2605;2905;3056;3260","F025:__decorate;F280:IIFE(Il2Cpp3);F293:IIFE(Il2Cpp3);F365:IIFE(Il2Cpp3);F418:IIFE(Il2Cpp3);F506:reference;F516:IIFE(Il2Cpp3);F538:IIFE(Il2Cpp3)"
"function","literal","bridge/bundler","2","123;688","F025:__decorate;F172:get"
"get_persistentDataPath","literal","bridge/bundler","1","144","F027:dataPath"
"get_identifier","literal","bridge/bundler","1","161","F028:identifier"
"get_bundleIdentifier","literal","bridge/bundler","1","161","F028:identifier"
"get_version","literal","bridge/bundler","1","177","F029:version"
"unityVersion","literal","bridge/bundler","1","180","F026:IIFE(Il2Cpp3)"
"get_unityVersion","literal","bridge/bundler","1","182","F030:getter callback"
"69 6c 32 63 70 70","literal","bridge/bundler","1","188","F030:getter callback"
"r--","literal","bridge/bundler","1","189","F030:getter callback"
"couldn't determine the Unity version, please specify it manually","literal","bridge/bundler","1","200","F030:getter callback"
"unityVersionIsBelow201830","literal","bridge/bundler","1","202","F026:IIFE(Il2Cpp3)"
"2018.3.0","literal","bridge/bundler","1","203","F031:getter callback"
"unityVersionIsBelow202120","literal","bridge/bundler","1","205","F026:IIFE(Il2Cpp3)"
"2021.2.0","literal","bridge/bundler","1","206","F032:getter callback"
"UnityEngine.Application::","literal","bridge/bundler","1","209","F033:unityEngineCall"
"pointer","literal","bridge/bundler","210","210;311;314;317;320;323;326;329;332;335;338;341;344;347;350;353;356;359;362;365;368;371;374;377;380;383;386;389;392;395;398;401;404;407;410;413;416;419;422;425;428;431;434;437;440;443;446;449;452;455;458;482;488;491;512;515;518;521;524;527;530;533;536;539;542;545;548;551;554;557;560;563;566;569;572;575;578;581;584;587;590;593;596;599;602;605;608;611;614;617;620;623;626;629;632;635;638;641;644;647;650;653;656;659;662;665;668;671;674;677;780;796;847;1818;2273;2276;3143;3178;3184;3186","F033:unityEngineCall;F047:alloc;F048:arrayGetLength;F049:arrayNew;F050:assemblyGetImage;F051:classForEach;F052:classFromName;F053:classFromObject;F054:classGetArrayClass;F055:classGetArrayElementSize;F056:classGetAssemblyName;F057:classGetBaseType;F058:classGetDeclaringType;F059:classGetElementClass;F060:classGetFieldFromName;F061:classGetFields;F062:classGetFlags;F063:classGetImage;F064:classGetInstanceSize;F065:classGetInterfaces;F066:classGetMethodFromName;F067:classGetMethods;F068:classGetName;F069:classGetNamespace;F070:classGetNestedClasses;F071:classGetParent;F072:classGetStaticFieldData;F073:classGetValueTypeSize;F074:classGetType;F075:classHasReferences;F076:classInitialize;F077:classIsAbstract;F078:classIsAssignableFrom;F079:classIsBlittable;F080:classIsEnum;F081:classIsGeneric;F082:classIsInflated;F083:classIsInterface;F084:classIsSubclassOf;F085:classIsValueType;F086:domainGetAssemblyFromName;F087:domainGet;F088:domainGetAssemblies;F089:fieldGetClass;F090:fieldGetFlags;F091:fieldGetName;F092:fieldGetOffset;F093:fieldGetStaticValue;F094:fieldGetType;F095:fieldSetStaticValue;F096:free;F104:gcHandleGetTarget;F106:gcHandleNew;F107:gcHandleNewWeakRef;F114:getCorlib;F115:imageGetAssembly;F116:imageGetClass;F117:imageGetClassCount;F118:imageGetName;F119:initialize;F120:livenessAllocateStruct;F121:livenessCalculationBegin;F122:livenessCalculationEnd;F123:livenessCalculationFromStatics;F124:livenessFinalize;F125:livenessFreeStruct;F126:memorySnapshotCapture;F127:memorySnapshotFree;F128:memorySnapshotGetClasses;F129:memorySnapshotGetObjects;F130:methodGetClass;F131:methodGetFlags;F132:methodGetName;F133:methodGetObject;F134:methodGetParameterCount;F135:methodGetParameterName;F136:methodGetParameters;F137:methodGetParameterType;F138:methodGetReturnType;F139:methodIsGeneric;F140:methodIsInflated;F141:methodIsInstance;F142:monitorEnter;F143:monitorExit;F144:monitorPulse;F145:monitorPulseAll;F146:monitorTryEnter;F147:monitorTryWait;F148:monitorWait;F149:objectGetClass;F150:objectGetVirtualMethod;F151:objectInitialize;F152:objectNew;F153:objectGetSize;F154:objectUnbox;F155:resolveInternalCall;F156:stringGetChars;F157:stringGetLength;F158:stringNew;F159:valueTypeBox;F160:threadAttach;F161:threadDetach;F162:threadGetAttachedThreads;F163:threadGetCurrent;F164:threadIsVm;F165:typeEquals;F166:typeGetClass;F167:typeGetName;F168:typeGetObject;F169:typeGetTypeEnum;F187:choose;F198:getProperty;F361:enumerate;F422:fridaSignature;F550:fridaAlias"
"System.SByte","literal","bridge/bundler","2","217;3104","F035:boxed;F539:Enum"
"System.Byte","literal","bridge/bundler","2","218;3105","F035:boxed;F539:Enum"
"System.Int16","literal","bridge/bundler","2","219;3106","F035:boxed;F539:Enum"
"System.UInt16","literal","bridge/bundler","2","220;3107","F035:boxed;F539:Enum"
"System.Int32","literal","bridge/bundler;bot","9","221;1129;3108;3123;3913","F035:boxed;F234:nullable;F539:Enum;F573:Il2Cpp[""perform""] callback"
"System.UInt32","literal","bridge/bundler","2","222;3109","F035:boxed;F539:Enum"
"System.Int64","literal","bridge/bundler","6","223;229;1129;2620;2919;3110","F035:boxed;F234:nullable;F464:structMethodsRequireObjectInstances;F506:reference;F539:Enum"
"System.UInt64","literal","bridge/bundler","5","224;229;1129;2921;3111","F035:boxed;F234:nullable;F506:reference;F539:Enum"
"System.Char","literal","bridge/bundler","2","225;3103","F035:boxed;F539:Enum"
"System.IntPtr","literal","bridge/bundler","4","226;1129;3112;3116","F035:boxed;F234:nullable;F539:Enum"
"System.UIntPtr","literal","bridge/bundler","2","227;3113","F035:boxed;F539:Enum"
"boolean","literal","bridge/bundler","4","229;1047;1129;2879","F035:boxed;F216:toFridaValue;F234:nullable;F506:reference"
"System.Boolean","literal","bridge/bundler","4","229;1129;2880;3102","F035:boxed;F234:nullable;F506:reference;F539:Enum"
"number","literal","bridge/bundler;bot","7","229;1129;1521;2881;4350;4354","F035:boxed;F234:nullable;F292:array;F506:reference;F683:_0xec5551;F685:_0x209f98[""findIndex""] callback"
"int32","literal","bridge/bundler","6","229;362;389;446;641;3161","F035:boxed;F064:classGetInstanceSize;F073:classGetValueTypeSize;F092:fieldGetOffset;F157:stringGetLength;F550:fridaAlias"
"intptr","literal","bridge/bundler","1","229","F035:boxed"
"Cannot create boxed primitive using value of type '${typeof value}'","template","bridge/bundler","1","229","F035:boxed"
"Unknown primitive type name '${type}'","template","bridge/bundler","1","230","F035:boxed"
"m_value","literal","bridge/bundler","3","231;2621;3116","F035:boxed;F464:structMethodsRequireObjectInstances;F542:_ callback"
"_pointer","literal","bridge/bundler","1","231","F035:boxed"
"Could not find primitive field in class '${className}'","template","bridge/bundler","1","231","F035:boxed"
"${Il2Cpp3.application.identifier}_${Il2Cpp3.application.version}.cs","template","bridge/bundler","1","245","F038:dump"
"${path}/${fileName}","template","bridge/bundler","1","248","F038:dump"
"w","literal","bridge/bundler;bot","7","249;273;3389;3421;3474;3478;3480","F038:dump;F039:dumpTree;F572:_0x38515e;F575:_0x4314e6;F583:setImmediate callback"
"dumping ${assembly.name}...","template","bridge/bundler","2","251;270","F038:dump;F039:dumpTree"
"${klass}

","template","bridge/bundler","2","253;275","F038:dump;F039:dumpTree"
"dump saved to ${destination}","template","bridge/bundler","1","260","F038:dump"
"${Il2Cpp3.application.dataPath??Process.getCurrentDir()}/${Il2Cpp3.application.identifier}_${Il2Cpp3.application.version}","template","bridge/bundler","1","265","F039:dumpTree"
"directory ${path} already exists - pass ignoreAlreadyExistingDirectory = true to skip this check","template","bridge/bundler","1","267","F039:dumpTree"
"${path}/${assembly.name.replaceAll(""."",""/"")}.cs","template","bridge/bundler","1","271","F039:dumpTree"
".","literal","bridge/bundler","2","271;2186","F039:dumpTree;F404:tryClass"
"/","literal","bridge/bundler;bot","8","271;272;3407;3442;3455","F039:dumpTree;F574:_0x385fac;F579:_0x3c4d04;F580:_0x55bf4a"
"dump saved to ${path}","template","bridge/bundler","1","282","F039:dumpTree"
"System.IO.Directory","literal","bridge/bundler","2","287;290","F040:directoryExists;F041:createDirectoryRecursively"
"Exists","literal","bridge/bundler","1","287","F040:directoryExists"
"CreateDirectory","literal","bridge/bundler","1","290","F041:createDirectoryRecursively"
"this api will be removed in a future release, please use `npx frida-il2cpp-bridge dump` instead","literal","bridge/bundler","1","293","F042:showDeprecationNotice"
"current","literal","bridge/bundler","2","297;300","F044:installExceptionListener;F045:Interceptor.attach callback"
"__cxa_throw","literal","bridge/bundler","1","299","F044:installExceptionListener"
"il2cpp_alloc","literal","bridge/bundler","1","311","F047:alloc"
"size_t","literal","bridge/bundler","2","311;796","F047:alloc;F187:choose"
"il2cpp_array_length","literal","bridge/bundler","1","314","F048:arrayGetLength"
"uint32","literal","bridge/bundler","15","314;317;332;482;485;488;491;521;563;575;581;608;611;629;3163","F048:arrayGetLength;F049:arrayNew;F054:classGetArrayClass;F104:gcHandleGetTarget;F105:gcHandleFree;F106:gcHandleNew;F107:gcHandleNewWeakRef;F117:imageGetClassCount;F131:methodGetFlags;F135:methodGetParameterName;F137:methodGetParameterType;F146:monitorTryEnter;F147:monitorTryWait;F153:objectGetSize;F550:fridaAlias"
"il2cpp_array_new","literal","bridge/bundler","1","317","F049:arrayNew"
"il2cpp_assembly_get_image","literal","bridge/bundler","1","320","F050:assemblyGetImage"
"il2cpp_class_for_each","literal","bridge/bundler","1","323","F051:classForEach"
"void","literal","bridge/bundler","32","323;398;449;455;458;461;464;467;470;485;500;503;506;509;527;536;539;542;545;551;596;599;602;605;614;623;653;780;783;847;1818;3147","F051:classForEach;F076:classInitialize;F093:fieldGetStaticValue;F095:fieldSetStaticValue;F096:free;F097:gcCollect;F098:gcCollectALittle;F099:gcDisable;F100:gcEnable;F105:gcHandleFree;F110:gcSetMaxTimeSlice;F111:gcStartIncrementalCollection;F112:gcStartWorld;F113:gcStopWorld;F119:initialize;F122:livenessCalculationEnd;F123:livenessCalculationFromStatics;F124:livenessFinalize;F125:livenessFreeStruct;F127:memorySnapshotFree;F142:monitorEnter;F143:monitorExit;F144:monitorPulse;F145:monitorPulseAll;F148:monitorWait;F151:objectInitialize;F161:threadDetach;F187:choose;F198:getProperty;F361:enumerate;F550:fridaAlias"
"il2cpp_class_from_name","literal","bridge/bundler","1","326","F052:classFromName"
"il2cpp_class_from_system_type","literal","bridge/bundler","1","329","F053:classFromObject"
"il2cpp_array_class_get","literal","bridge/bundler","1","332","F054:classGetArrayClass"
"il2cpp_class_array_element_size","literal","bridge/bundler","1","335","F055:classGetArrayElementSize"
"int","literal","bridge/bundler","9","335;356;368;440;461;530;533;677;780","F055:classGetArrayElementSize;F062:classGetFlags;F066:classGetMethodFromName;F090:fieldGetFlags;F097:gcCollect;F120:livenessAllocateStruct;F121:livenessCalculationBegin;F169:typeGetTypeEnum;F187:choose"
"il2cpp_class_get_assemblyname","literal","bridge/bundler","1","338","F056:classGetAssemblyName"
"il2cpp_class_enum_basetype","literal","bridge/bundler","1","341","F057:classGetBaseType"
"il2cpp_class_get_declaring_type","literal","bridge/bundler","1","344","F058:classGetDeclaringType"
"il2cpp_class_get_element_class","literal","bridge/bundler","1","347","F059:classGetElementClass"
"il2cpp_class_get_field_from_name","literal","bridge/bundler","1","350","F060:classGetFieldFromName"
"il2cpp_class_get_fields","literal","bridge/bundler","1","353","F061:classGetFields"
"il2cpp_class_get_flags","literal","bridge/bundler","1","356","F062:classGetFlags"
"il2cpp_class_get_image","literal","bridge/bundler","1","359","F063:classGetImage"
"il2cpp_class_instance_size","literal","bridge/bundler","1","362","F064:classGetInstanceSize"
"il2cpp_class_get_interfaces","literal","bridge/bundler","1","365","F065:classGetInterfaces"
"il2cpp_class_get_method_from_name","literal","bridge/bundler","1","368","F066:classGetMethodFromName"
"il2cpp_class_get_methods","literal","bridge/bundler","1","371","F067:classGetMethods"
"il2cpp_class_get_name","literal","bridge/bundler","1","374","F068:classGetName"
"il2cpp_class_get_namespace","literal","bridge/bundler","1","377","F069:classGetNamespace"
"il2cpp_class_get_nested_types","literal","bridge/bundler","1","380","F070:classGetNestedClasses"
"il2cpp_class_get_parent","literal","bridge/bundler","1","383","F071:classGetParent"
"il2cpp_class_get_static_field_data","literal","bridge/bundler","1","386","F072:classGetStaticFieldData"
"il2cpp_class_value_size","literal","bridge/bundler","1","389","F073:classGetValueTypeSize"
"il2cpp_class_get_type","literal","bridge/bundler","1","392","F074:classGetType"
"il2cpp_class_has_references","literal","bridge/bundler","1","395","F075:classHasReferences"
"bool","literal","bridge/bundler","23","395;401;404;407;410;413;416;419;422;425;488;491;494;497;587;590;593;608;611;662;665;3149","F075:classHasReferences;F077:classIsAbstract;F078:classIsAssignableFrom;F079:classIsBlittable;F080:classIsEnum;F081:classIsGeneric;F082:classIsInflated;F083:classIsInterface;F084:classIsSubclassOf;F085:classIsValueType;F106:gcHandleNew;F107:gcHandleNewWeakRef;F108:gcIsDisabled;F109:gcIsIncremental;F139:methodIsGeneric;F140:methodIsInflated;F141:methodIsInstance;F146:monitorTryEnter;F147:monitorTryWait;F164:threadIsVm;F165:typeEquals;F550:fridaAlias"
"il2cpp_runtime_class_init","literal","bridge/bundler","1","398","F076:classInitialize"
"il2cpp_class_is_abstract","literal","bridge/bundler","1","401","F077:classIsAbstract"
"il2cpp_class_is_assignable_from","literal","bridge/bundler","1","404","F078:classIsAssignableFrom"
"il2cpp_class_is_blittable","literal","bridge/bundler","1","407","F079:classIsBlittable"
"il2cpp_class_is_enum","literal","bridge/bundler","1","410","F080:classIsEnum"
"il2cpp_class_is_generic","literal","bridge/bundler","1","413","F081:classIsGeneric"
"il2cpp_class_is_inflated","literal","bridge/bundler","1","416","F082:classIsInflated"
"il2cpp_class_is_interface","literal","bridge/bundler","1","419","F083:classIsInterface"
"il2cpp_class_is_subclass_of","literal","bridge/bundler","1","422","F084:classIsSubclassOf"
"il2cpp_class_is_valuetype","literal","bridge/bundler","1","425","F085:classIsValueType"
"il2cpp_domain_assembly_open","literal","bridge/bundler","1","428","F086:domainGetAssemblyFromName"
"il2cpp_domain_get","literal","bridge/bundler","1","431","F087:domainGet"
"il2cpp_domain_get_assemblies","literal","bridge/bundler","1","434","F088:domainGetAssemblies"
"il2cpp_field_get_parent","literal","bridge/bundler","1","437","F089:fieldGetClass"
"il2cpp_field_get_flags","literal","bridge/bundler","1","440","F090:fieldGetFlags"
"il2cpp_field_get_name","literal","bridge/bundler","1","443","F091:fieldGetName"
"il2cpp_field_get_offset","literal","bridge/bundler","1","446","F092:fieldGetOffset"
"il2cpp_field_static_get_value","literal","bridge/bundler","1","449","F093:fieldGetStaticValue"
"il2cpp_field_get_type","literal","bridge/bundler","1","452","F094:fieldGetType"
"il2cpp_field_static_set_value","literal","bridge/bundler","1","455","F095:fieldSetStaticValue"
"il2cpp_free","literal","bridge/bundler","1","458","F096:free"
"il2cpp_gc_collect","literal","bridge/bundler","1","461","F097:gcCollect"
"il2cpp_gc_collect_a_little","literal","bridge/bundler","1","464","F098:gcCollectALittle"
"il2cpp_gc_disable","literal","bridge/bundler","1","467","F099:gcDisable"
"il2cpp_gc_enable","literal","bridge/bundler","1","470","F100:gcEnable"
"il2cpp_gc_get_heap_size","literal","bridge/bundler","1","473","F101:gcGetHeapSize"
"int64","literal","bridge/bundler","5","473;476;479;500;3165","F101:gcGetHeapSize;F102:gcGetMaxTimeSlice;F103:gcGetUsedSize;F110:gcSetMaxTimeSlice;F550:fridaAlias"
"il2cpp_gc_get_max_time_slice_ns","literal","bridge/bundler","1","476","F102:gcGetMaxTimeSlice"
"il2cpp_gc_get_used_size","literal","bridge/bundler","1","479","F103:gcGetUsedSize"
"il2cpp_gchandle_get_target","literal","bridge/bundler","1","482","F104:gcHandleGetTarget"
"il2cpp_gchandle_free","literal","bridge/bundler","1","485","F105:gcHandleFree"
"il2cpp_gchandle_new","literal","bridge/bundler","1","488","F106:gcHandleNew"
"il2cpp_gchandle_new_weakref","literal","bridge/bundler","1","491","F107:gcHandleNewWeakRef"
"il2cpp_gc_is_disabled","literal","bridge/bundler","1","494","F108:gcIsDisabled"
"il2cpp_gc_is_incremental","literal","bridge/bundler","1","497","F109:gcIsIncremental"
"il2cpp_gc_set_max_time_slice_ns","literal","bridge/bundler","1","500","F110:gcSetMaxTimeSlice"
"il2cpp_gc_start_incremental_collection","literal","bridge/bundler","1","503","F111:gcStartIncrementalCollection"
"il2cpp_start_gc_world","literal","bridge/bundler","1","506","F112:gcStartWorld"
"il2cpp_stop_gc_world","literal","bridge/bundler","1","509","F113:gcStopWorld"
"il2cpp_get_corlib","literal","bridge/bundler","1","512","F114:getCorlib"
"il2cpp_image_get_assembly","literal","bridge/bundler","1","515","F115:imageGetAssembly"
"il2cpp_image_get_class","literal","bridge/bundler","1","518","F116:imageGetClass"
"uint","literal","bridge/bundler","1","518","F116:imageGetClass"
"il2cpp_image_get_class_count","literal","bridge/bundler","1","521","F117:imageGetClassCount"
"il2cpp_image_get_name","literal","bridge/bundler","1","524","F118:imageGetName"
"il2cpp_init","literal","bridge/bundler","2","527;1110","F119:initialize;F231:tryModule"
"il2cpp_unity_liveness_allocate_struct","literal","bridge/bundler","1","530","F120:livenessAllocateStruct"
"il2cpp_unity_liveness_calculation_begin","literal","bridge/bundler","1","533","F121:livenessCalculationBegin"
"il2cpp_unity_liveness_calculation_end","literal","bridge/bundler","1","536","F122:livenessCalculationEnd"
"il2cpp_unity_liveness_calculation_from_statics","literal","bridge/bundler","1","539","F123:livenessCalculationFromStatics"
"il2cpp_unity_liveness_finalize","literal","bridge/bundler","1","542","F124:livenessFinalize"
"il2cpp_unity_liveness_free_struct","literal","bridge/bundler","1","545","F125:livenessFreeStruct"
"il2cpp_capture_memory_snapshot","literal","bridge/bundler","1","548","F126:memorySnapshotCapture"
"il2cpp_free_captured_memory_snapshot","literal","bridge/bundler","1","551","F127:memorySnapshotFree"
"il2cpp_memory_snapshot_get_classes","literal","bridge/bundler","1","554","F128:memorySnapshotGetClasses"
"il2cpp_memory_snapshot_get_objects","literal","bridge/bundler","1","557","F129:memorySnapshotGetObjects"
"il2cpp_method_get_class","literal","bridge/bundler","1","560","F130:methodGetClass"
"il2cpp_method_get_flags","literal","bridge/bundler","1","563","F131:methodGetFlags"
"il2cpp_method_get_name","literal","bridge/bundler","1","566","F132:methodGetName"
"il2cpp_method_get_object","literal","bridge/bundler","1","569","F133:methodGetObject"
"il2cpp_method_get_param_count","literal","bridge/bundler","1","572","F134:methodGetParameterCount"
"uint8","literal","bridge/bundler","2","572;3155","F134:methodGetParameterCount;F550:fridaAlias"
"il2cpp_method_get_param_name","literal","bridge/bundler","1","575","F135:methodGetParameterName"
"il2cpp_method_get_parameters","literal","bridge/bundler","1","578","F136:methodGetParameters"
"il2cpp_method_get_param","literal","bridge/bundler","1","581","F137:methodGetParameterType"
"il2cpp_method_get_return_type","literal","bridge/bundler","1","584","F138:methodGetReturnType"
"il2cpp_method_is_generic","literal","bridge/bundler","1","587","F139:methodIsGeneric"
"il2cpp_method_is_inflated","literal","bridge/bundler","1","590","F140:methodIsInflated"
"il2cpp_method_is_instance","literal","bridge/bundler","1","593","F141:methodIsInstance"
"il2cpp_monitor_enter","literal","bridge/bundler","1","596","F142:monitorEnter"
"il2cpp_monitor_exit","literal","bridge/bundler","1","599","F143:monitorExit"
"il2cpp_monitor_pulse","literal","bridge/bundler","1","602","F144:monitorPulse"
"il2cpp_monitor_pulse_all","literal","bridge/bundler","1","605","F145:monitorPulseAll"
"il2cpp_monitor_try_enter","literal","bridge/bundler","1","608","F146:monitorTryEnter"
"il2cpp_monitor_try_wait","literal","bridge/bundler","1","611","F147:monitorTryWait"
"il2cpp_monitor_wait","literal","bridge/bundler","1","614","F148:monitorWait"
"il2cpp_object_get_class","literal","bridge/bundler","1","617","F149:objectGetClass"
"il2cpp_object_get_virtual_method","literal","bridge/bundler","1","620","F150:objectGetVirtualMethod"
"il2cpp_runtime_object_init_exception","literal","bridge/bundler","1","623","F151:objectInitialize"
"il2cpp_object_new","literal","bridge/bundler","1","626","F152:objectNew"
"il2cpp_object_get_size","literal","bridge/bundler","1","629","F153:objectGetSize"
"il2cpp_object_unbox","literal","bridge/bundler","1","632","F154:objectUnbox"
"il2cpp_resolve_icall","literal","bridge/bundler","1","635","F155:resolveInternalCall"
"il2cpp_string_chars","literal","bridge/bundler","1","638","F156:stringGetChars"
"il2cpp_string_length","literal","bridge/bundler","1","641","F157:stringGetLength"
"il2cpp_string_new","literal","bridge/bundler","1","644","F158:stringNew"
"il2cpp_value_box","literal","bridge/bundler","1","647","F159:valueTypeBox"
"il2cpp_thread_attach","literal","bridge/bundler","1","650","F160:threadAttach"
"il2cpp_thread_detach","literal","bridge/bundler","1","653","F161:threadDetach"
"il2cpp_thread_get_all_attached_threads","literal","bridge/bundler","1","656","F162:threadGetAttachedThreads"
"il2cpp_thread_current","literal","bridge/bundler","1","659","F163:threadGetCurrent"
"il2cpp_is_vm_thread","literal","bridge/bundler","1","662","F164:threadIsVm"
"il2cpp_type_equals","literal","bridge/bundler","1","665","F165:typeEquals"
"il2cpp_class_from_type","literal","bridge/bundler","1","668","F166:typeGetClass"
"il2cpp_type_get_name","literal","bridge/bundler","1","671","F167:typeGetName"
"il2cpp_type_get_object","literal","bridge/bundler","1","674","F168:typeGetObject"
"il2cpp_type_get_type","literal","bridge/bundler","1","677","F169:typeGetTypeEnum"
"memorySnapshotExports","literal","bridge/bundler","1","681","F046:IIFE(Il2Cpp3)"
"#include <stdint.h>
#include <string.h>

typedef struct Il2CppManagedMemorySnapshot Il2CppManagedMemorySnapshot;
typedef struct Il2CppMetadataType Il2CppMetadataType;

struct Il2CppManagedMemorySnapshot
{
  struct Il2CppManagedHeap
  {
    uint32_t section_count;
    void * sections;
  } heap;
  struct Il2CppStacks
  {
    uint32_t stack_count;
    void * stacks;
  } stacks;
  struct Il2CppMetadataSnapshot
  {
    uint32_t type_count;
    Il2CppMetadataType * types;
  } metadata_snapshot;
  struct Il2CppGCHandles
  {
    uint32_t tracked_object_count;
    void ** pointers_to_objects;
  } gc_handles;
  struct Il2CppRuntimeInformation
  {
    uint32_t pointer_size;
    uint32_t object_header_size;
    uint32_t array_header_size;
    uint32_t array_bounds_offset_in_header;
    uint32_t array_size_offset_in_header;
    uint32_t allocation_granularity;
  } runtime_information;
  void * additional_user_information;
};

struct Il2CppMetadataType
{
  uint32_t flags;
  void * fields;
  uint32_t field_count;
  uint32_t statics_size;
  uint8_t * statics;
  uint32_t base_or_element_type_index;
  char * name;
  const char * assembly_name;
  uint64_t type_info_address;
  uint32_t size;
};

uintptr_t
il2cpp_memory_snapshot_get_classes (
    const Il2CppManagedMemorySnapshot * snapshot, Il2CppMetadataType ** iter)
{
  const int zero = 0;
  const void * null = 0;

  if (iter != NULL && snapshot->metadata_snapshot.type_count > zero)
  {
    if (*iter == null)
    {
      *iter = snapshot->metadata_snapshot.types;
      return (uintptr_t) (*iter)->type_info_address;
    }
    else
    {
      Il2CppMetadataType * metadata_type = *iter + 1;

      if (metadata_type < snapshot->metadata_snapshot.types +
                              snapshot->metadata_snapshot.type_count)
      {
        *iter = metadata_type;
        return (uintptr_t) (*iter)->type_info_address;
      }
    }
  }
  return 0;
}

void **
il2cpp_memory_snapshot_get_objects (
    const Il2CppManagedMemorySnapshot * snapshot, uint32_t * size)
{
  *size = snapshot->gc_handles.tracked_object_count;
  return snapshot->gc_handles.pointers_to_objects;
}
","literal","bridge/bundler","1","681","F170:getter callback"
"couldn't resolve export ${exportName}","template","bridge/bundler","1","692","F173:apply"
"export ${exportName} points to NULL IL2CPP library has likely been stripped, obfuscated, or customized","template","bridge/bundler","1","694","F173:apply"
"apiLevel","literal","bridge/bundler","1","840","F196:IIFE(Android2)"
"ro.build.version.sdk","literal","bridge/bundler","1","841","F197:getter callback"
"libc.so","literal","bridge/bundler","1","845","F198:getProperty"
"__system_property_get","literal","bridge/bundler","1","845","F198:getProperty"
"couldn't read the value from ${pointer} using an unhandled or unknown type ${type.name} (${type.enumValue}), please file an issue","template","bridge/bundler","1","963","F212:read"
"couldn't write value ${value} to ${pointer} using an unhandled or unknown type ${type.name} (${type.enumValue}), please file an issue","template","bridge/bundler","1","1006","F213:write"
"value__","literal","bridge/bundler","1","1051","F216:toFridaValue"
"module","literal","bridge/bundler","2","1063;1084","F219:IIFE(Il2Cpp3);F221:initialize"
"Could not find IL2CPP module","literal","bridge/bundler","1","1064","F220:getter callback"
"after 10 seconds, IL2CPP module '${moduleName}' has not been loaded yet, is the app running?","template","bridge/bundler","1","1070","F223:setTimeout callback"
"resuming execution despite IL2CPP initialization not being captured in time, please open an issue as this is suboptimal","template","bridge/bundler","1","1089","F227:setTimeout callback"
"darwin","literal","bridge/bundler","2","1110;1121","F231:tryModule;F232:getExpectedModuleNames"
"linux","literal","bridge/bundler","1","1117","F232:getExpectedModuleNames"
"libil2cpp.so","literal","bridge/bundler","1","1118","F232:getExpectedModuleNames"
"GameAssembly.so","literal","bridge/bundler","1","1118","F232:getExpectedModuleNames"
"windows","literal","bridge/bundler","2","1119;2972","F232:getExpectedModuleNames;F517:id"
"GameAssembly.dll","literal","bridge/bundler","1","1120","F232:getExpectedModuleNames"
"UnityFramework","literal","bridge/bundler","1","1122","F232:getExpectedModuleNames"
"GameAssembly.dylib","literal","bridge/bundler","1","1122","F232:getExpectedModuleNames"
"${Process.platform} is not supported yet","template","bridge/bundler","1","1124","F232:getExpectedModuleNames"
"A class must be specified when constructing a nullable for value '${valueOrNull}'","template","bridge/bundler","1","1129","F234:nullable"
"Cannot create nullable value type out of a reference type '${actualClass.type.name}'","template","bridge/bundler","1","1131","F234:nullable"
"System.Nullable`1","literal","bridge/bundler","1","1133","F234:nullable"
"hasValue","literal","bridge/bundler","1","1135","F234:nullable"
"has_value","literal","bridge/bundler","1","1135","F234:nullable"
"value","literal","bridge/bundler;bot","76","1137;2086;2092;3421;3424;3535;3537;3556;3609;3645;3727;3825;3885;3889;3948;3961;3963;3987;3988;4016;4062;4102;4153;4176;4235;4267;4312;4324;4327;4331;4332;4338;4346;4350;4365;4380;4386;4414;4425;4428;4429;4430;4435;4438;4443;4494;4497;4502;4513;4526;4536;4614;4619;4626;4627","F234:nullable;F390:get;F391:set;F575:_0x4314e6;F576:_0x2bf4ba;F588:_0x59afe4;F590:_0x35fda9;F597:Il2Cpp[""perform""] callback;F598:_0x5834a4;F609:Il2Cpp[""perform""] callback;F601:onEnter;F634:_0x21db8b;F641:onLeave;F642:_0x57ee7a;F645:Il2Cpp[""perform""] callback;F648:_0x1df3df;F651:Il2Cpp[""perform""] callback;F655:Il2Cpp[""perform""] callback;F662:Il2Cpp[""perform""] callback;F660:Il2Cpp[""perform""] callback;F672:onEnter;F676:Il2Cpp[""perform""] callback;F680:_0x500834;F682:onLeave;F683:_0xec5551;F686:_0x403d54;F689:onEnter;F693:Il2Cpp[""perform""] callback;F694:_0xfcca0f;F706:onEnter;F708:onEnter;F709:onLeave;F711:Il2Cpp[""perform""] callback"
"bind","literal","bridge/bundler","2","1144;1154","F236:perform"
"main","literal","bridge/bundler;bot","20","1147;1148;3629;3685;3701;3715;3743;3753;3762;3772;3781;3790;3800;3810;3846;3863;3872;3909;4111;4480","F236:perform;F596:setTimeout callback;F602:setTimeout callback;F604:setTimeout callback;F606:setTimeout callback;F608:setTimeout callback;F614:setTimeout callback;F616:setTimeout callback;F618:setTimeout callback;F620:setTimeout callback;F622:setTimeout callback;F624:setTimeout callback;F626:setTimeout callback;F628:setTimeout callback;F630:setTimeout callback;F632:setTimeout callback;F636:setInterval callback;F654:setTimeout callback;F702:setTimeout callback"
"free","literal","bridge/bundler","2","1149;1165","F236:perform"
"
${this.#state.buffer.join(""\n"")}
","template","bridge/bundler","1","1181","F241:flush"
"
","literal","bridge/bundler;bot","2","1182;3399","F241:flush;F574:_0x385fac"
"already replaced this function","literal","bridge/bundler","2","1355;2380","F261:attach;F442:implementation"
"0","literal;template","bridge/bundler","5","1368;1384;1435;2513","F264:(anonymous);F268:(anonymous);F279:Interceptor.attach callback;F455:toString"
"[2m0x${paddedVirtualAddress}[0m ${`\u2502 `.repeat(state.depth++)}┌─[35m${method.class.type.name}::[1m${method.name}[0m[0m","template","bridge/bundler","1","1372","F265:onEnter"
"│ ","template","bridge/bundler","4","1372;1377;1390;1394","F265:onEnter;F266:onLeave;F269:callback"
"[2m0x${paddedVirtualAddress}[0m ${`\u2502 `.repeat(--state.depth)}└─[33m${method.class.type.name}::[1m${method.name}[0m[0m","template","bridge/bundler","1","1377","F266:onLeave"
"this","literal","bridge/bundler","1","1388","F269:callback"
"[2m0x${paddedVirtualAddress}[0m ${`\u2502 `.repeat(state.depth++)}┌─[35m${method.class.type.name}::[1m${method.name}[0m[0m(${parameters2.map(e=>`\x1B[32m${e.name}\x1B[0m = \x1B[31m${Il2Cpp3.fromFridaValue(args[e.position+startIndex],e.type)}\x1B[0m`).join("", "")})","template","bridge/bundler","1","1390","F269:callback"
"[32m${e.name}[0m = [31m${Il2Cpp3.fromFridaValue(args[e.position+startIndex],e.type)}[0m","template","bridge/bundler","1","1390","F270:parameters2.map callback"
", ","literal;template","bridge/bundler","3","1390;1808;2513","F269:callback;F359:toString;F455:toString"
"[2m0x${paddedVirtualAddress}[0m ${`\u2502 `.repeat(--state.depth)}└─[33m${method.class.type.name}::[1m${method.name}[0m[0m${returnValue==void 0?"""":` = \x1B[36m${Il2Cpp3.fromFridaValue(returnValue,method.returnType)}`}[0m","template","bridge/bundler","1","1394","F269:callback"
" = [36m${Il2Cpp3.fromFridaValue(returnValue,method.returnType)}","template","bridge/bundler","1","1394","F269:callback"
"[2m0x${method2.relativeVirtualAddress.toString(16).padStart(8,""0"")}[0m[2m+0x${offset.toString(16).padStart(3,`0`)}[0m ${method2.class.type.name}::[1m${method2.name}[0m","template","bridge/bundler","1","1435","F279:Interceptor.attach callback"
"System.Array","literal","bridge/bundler","3","1452;3120;3129","F281:headerSize;F539:Enum"
"vfsfitvnm","literal","bridge/bundler","2","1456;2937","F282:elements;F509:content"
"ToCharArray","literal","bridge/bundler","1","1456","F282:elements"
"76 00 66 00 73 00 66 00 69 00 74 00 76 00 6e 00 6d 00","literal","bridge/bundler","1","1457","F282:elements"
"couldn't find the elements offset in the native array struct","literal","bridge/bundler","1","1457","F282:elements"
"elements","literal","bridge/bundler","1","1458","F282:elements"
"cannot get element at index ${index} as the array length is ${this.length}","template","bridge/bundler","1","1482","F288:get"
"cannot set element at index ${index} as the array length is ${this.length}","template","bridge/bundler","1","1489","F289:set"
"null","literal","bridge/bundler;bot","9","1495;2739;2872;2956;3324;3327;3917","F290:toString;F479:toString;F505:toString;F514:toString;F568:toString;F638:onEnter"
"[${this.elements.read(this.length,0)}]","template","bridge/bundler","1","1495","F290:toString"
"elementSize","literal","bridge/bundler","1","1506","F280:IIFE(Il2Cpp3)"
"elementType","literal","bridge/bundler","1","1509","F280:IIFE(Il2Cpp3)"
"length","literal","bridge/bundler;bot","28","1512;3533;3573;3574;3595;3597;3618;3641;3707;4044;4048;4052;4053;4107;4172;4405;4409;4459;4544;4563;4578;4581;4587;4588;4593;4599;4600","F280:IIFE(Il2Cpp3);F587:_0x394b35[""sort""] callback;F594:_0x5bb368;F597:Il2Cpp[""perform""] callback;F598:_0x5834a4;F601:onEnter;F649:_0x234e45;F655:Il2Cpp[""perform""] callback;F660:Il2Cpp[""perform""] callback;F691:Il2Cpp[""perform""] callback;F692:_0x32ccbf;F694:_0xfcca0f;F706:onEnter;F707:onEnter"
"headerSize","literal","bridge/bundler","2","1518;2758","F280:IIFE(Il2Cpp3);F466:IIFE(Il2Cpp3)"
"GetType","literal","bridge/bundler","1","1535","F294:image"
"<Module>","literal","bridge/bundler","2","1535;2167","F294:image;F399:classes"
"get_Module","literal","bridge/bundler","1","1535","F294:image"
"GetModules","literal","bridge/bundler","1","1535","F294:image"
"couldn't find the runtime module object of assembly ${this.name}","template","bridge/bundler","1","1535","F294:image"
"_impl","literal","bridge/bundler","1","1536","F294:image"
".dll","literal","bridge/bundler","2","1542;1586","F295:name;F303:assemblyName"
"GetAssemblies","literal","bridge/bundler","2","1546;1952","F296:object;F366:assemblies"
"_mono_assembly","literal","bridge/bundler","2","1547;1953","F296:object;F368:globalThis.Array.from(assemblyObjects).map callback"
"couldn't find the object of the native assembly struct","literal","bridge/bundler","1","1551","F296:object"
"name","literal","bridge/bundler;bot","13","1556;1893;2121;2203;2599;3257;3411;3416;3530;3533;3537;3889","F293:IIFE(Il2Cpp3);F297:IIFE(Il2Cpp3);F375:IIFE(Il2Cpp3);F396:IIFE(Il2Cpp3);F418:IIFE(Il2Cpp3);F538:IIFE(Il2Cpp3);F574:_0x385fac;F573:Il2Cpp[""perform""] callback;F587:_0x394b35[""sort""] callback;F588:_0x59afe4;F634:_0x21db8b"
"System.String","literal","bridge/bundler;bot","3","1569;3119;3913","F298:actualInstanceSize;F539:Enum;F573:Il2Cpp[""perform""] callback"
"couldn't find the actual instance size offset in the native class struct","literal","bridge/bundler","1","1570","F298:actualInstanceSize"
"actualInstanceSize","literal","bridge/bundler","1","1571","F298:actualInstanceSize"
"${this.namespace}.${this.name}","template","bridge/bundler","1","1610","F311:fullName"
"GetGenericArguments","literal","bridge/bundler","2","1622;2285","F313:generics;F423:generics"
".cctor","literal","bridge/bundler","2","1631;2366","F316:hasStaticConstructor;F439:virtualAddress"
"MakePointerType","literal","bridge/bundler","1","1700","F339:pointerClass"
"]","literal","bridge/bundler","1","1708","F340:rank"
"[","literal","bridge/bundler","1","1710","F340:rank"
",","literal","bridge/bundler","2","1712;2513","F340:rank;F455:toString"
"couldn't find field ${name} in class ${this.type.name}","template","bridge/bundler","1","1737","F345:field"
"cannot inflate class ${this.type.name} as it has no generic parameters","template","bridge/bundler","1","1750","F347:inflate"
"cannot inflate class ${this.type.name} as it needs ${this.generics.length} generic parameter(s), not ${classes.length}","template","bridge/bundler","1","1753","F347:inflate"
"System.Type","literal","bridge/bundler","2","1756;2399","F347:inflate;F443:inflate"
"MakeGenericType","literal","bridge/bundler","1","1757","F347:inflate"
"couldn't find method ${name} in class ${this.type.name}","template","bridge/bundler","1","1775","F352:method"
"couldn't find nested class ${name} in class ${this.type.name}","template","bridge/bundler","1","1779","F353:nested"
"// ${this.assemblyName}
${this.isEnum?`enum`:this.isStruct?`struct`:this.isInterface?`interface`:`class`} ${this.type.name}${inherited?` : ${inherited.map(_=>_?.type.name).join(`, `)}`:``}
{
    ${this.fields.join(`
    `)}
    ${this.methods.join(`
    `)}
}","template","bridge/bundler","1","1807","F359:toString"
"enum","template","bridge/bundler","1","1808","F359:toString"
"struct","template","bridge/bundler","1","1808","F359:toString"
"interface","template","bridge/bundler","1","1808","F359:toString"
"class","template;literal","bridge/bundler;bot","29","1808;2103;2566;2670;2752;3245;3500;3522","F359:toString;F375:IIFE(Il2Cpp3);F418:IIFE(Il2Cpp3);F469:get;F466:IIFE(Il2Cpp3);F538:IIFE(Il2Cpp3);F573:Il2Cpp[""perform""] callback;F586:setTimeout callback"
" : ${inherited.map(_=>_?.type.name).join(`, `)}","template","bridge/bundler","1","1808","F359:toString"
"
    ","template","bridge/bundler","2","1810;1812","F359:toString"
"arrayClass","literal","bridge/bundler","1","1824","F297:IIFE(Il2Cpp3)"
"arrayElementSize","literal","bridge/bundler","1","1827","F297:IIFE(Il2Cpp3)"
"assemblyName","literal","bridge/bundler","1","1830","F297:IIFE(Il2Cpp3)"
"declaringClass","literal","bridge/bundler","1","1833","F297:IIFE(Il2Cpp3)"
"baseType","literal","bridge/bundler","1","1836","F297:IIFE(Il2Cpp3)"
"elementClass","literal","bridge/bundler","1","1839","F297:IIFE(Il2Cpp3)"
"fields","literal","bridge/bundler","1","1842","F297:IIFE(Il2Cpp3)"
"flags","literal","bridge/bundler","3","1845;2106;2569","F297:IIFE(Il2Cpp3);F375:IIFE(Il2Cpp3);F418:IIFE(Il2Cpp3)"
"fullName","literal","bridge/bundler","1","1848","F297:IIFE(Il2Cpp3)"
"generics","literal","bridge/bundler","2","1851;2578","F297:IIFE(Il2Cpp3);F418:IIFE(Il2Cpp3)"
"hasReferences","literal","bridge/bundler","1","1854","F297:IIFE(Il2Cpp3)"
"hasStaticConstructor","literal","bridge/bundler","1","1857","F297:IIFE(Il2Cpp3)"
"image","literal","bridge/bundler;bot","24","1860;3500;3522","F297:IIFE(Il2Cpp3);F573:Il2Cpp[""perform""] callback;F586:setTimeout callback"
"instanceSize","literal","bridge/bundler","1","1863","F297:IIFE(Il2Cpp3)"
"isAbstract","literal","bridge/bundler","1","1866","F297:IIFE(Il2Cpp3)"
"isBlittable","literal","bridge/bundler","1","1869","F297:IIFE(Il2Cpp3)"
"isEnum","literal","bridge/bundler","1","1872","F297:IIFE(Il2Cpp3)"
"isGeneric","literal","bridge/bundler","2","1875;2584","F297:IIFE(Il2Cpp3);F418:IIFE(Il2Cpp3)"
"isInflated","literal","bridge/bundler","2","1878;2587","F297:IIFE(Il2Cpp3);F418:IIFE(Il2Cpp3)"
"isInterface","literal","bridge/bundler","1","1881","F297:IIFE(Il2Cpp3)"
"isValueType","literal","bridge/bundler","1","1884","F297:IIFE(Il2Cpp3)"
"interfaces","literal","bridge/bundler","1","1887","F297:IIFE(Il2Cpp3)"
"methods","literal","bridge/bundler","1","1890","F297:IIFE(Il2Cpp3)"
"namespace","literal","bridge/bundler","1","1896","F297:IIFE(Il2Cpp3)"
"nestedClasses","literal","bridge/bundler","1","1899","F297:IIFE(Il2Cpp3)"
"parent","literal","bridge/bundler","1","1902","F297:IIFE(Il2Cpp3)"
"pointerClass","literal","bridge/bundler","1","1905","F297:IIFE(Il2Cpp3)"
"rank","literal","bridge/bundler","1","1908","F297:IIFE(Il2Cpp3)"
"staticFieldsData","literal","bridge/bundler","1","1911","F297:IIFE(Il2Cpp3)"
"valueTypeSize","literal","bridge/bundler","1","1914","F297:IIFE(Il2Cpp3)"
"type","literal","bridge/bundler","2","1917;2127","F297:IIFE(Il2Cpp3);F375:IIFE(Il2Cpp3)"
"System.Delegate","literal","bridge/bundler","1","1925","F364:delegate"
"System.MulticastDelegate","literal","bridge/bundler","1","1926","F364:delegate"
"cannot create a delegate for ${klass.type.name} as it's a non-delegate class","template","bridge/bundler","1","1928","F364:delegate"
"cannot create a delegate for neither ${SystemDelegate.type.name} nor ${SystemMulticastDelegate.type.name}, use a subclass instead","template","bridge/bundler","1","1931","F364:delegate"
"Invoke","literal","bridge/bundler","1","1935","F364:delegate"
"cannot create a delegate for ${klass.type.name}, there is no Invoke method","template","bridge/bundler","1","1935","F364:delegate"
".ctor","literal","bridge/bundler;bot","3","1936;3945;3972","F364:delegate;F641:onLeave;F642:_0x57ee7a"
"method_ptr","literal","bridge/bundler","3","1938;2360;3027","F364:delegate;F439:virtualAddress;F532:Script.bindWeak callback"
"invoke_impl","literal","bridge/bundler","2","1939;3027","F364:delegate;F532:Script.bindWeak callback"
"System.AppDomain","literal","bridge/bundler","2","1959;2008","F370:object;F380:isThreadStatic"
"get_CurrentDomain","literal","bridge/bundler","1","1959","F370:object"
"couldn't find assembly ${name}","template","bridge/bundler","1","1963","F371:assembly"
"assemblies","literal","bridge/bundler","1","1976","F365:IIFE(Il2Cpp3)"
"domain","literal","bridge/bundler;bot","24","1984;3500;3522","F365:IIFE(Il2Cpp3);F573:Il2Cpp[""perform""] callback;F586:setTimeout callback"
"type_resolve_in_progress","literal","bridge/bundler","1","2008","F380:isThreadStatic"
"isThreadStatic","literal","bridge/bundler","2","2009;2115","F380:isThreadStatic;F375:IIFE(Il2Cpp3)"
"private","literal","bridge/bundler","2","2018;2312","F382:modifier;F430:modifier"
"private protected","literal","bridge/bundler","2","2020;2314","F382:modifier;F430:modifier"
"internal","literal","bridge/bundler","3","2022;2316;3047","F382:modifier;F430:modifier;F516:IIFE(Il2Cpp3)"
"protected","literal","bridge/bundler","2","2024;2318","F382:modifier;F430:modifier"
"protected internal","literal","bridge/bundler","2","2026;2320","F382:modifier;F430:modifier"
"public","literal","bridge/bundler","2","2028;2322","F382:modifier;F430:modifier"
"cannot access instance field ${this.class.type.name}::${this.name} from a class, use an object instead","template","bridge/bundler","2","2046;2055","F386:value;F387:value"
"cannot write the value of field ${this.name} as it's thread static or literal","template","bridge/bundler","1","2058","F387:value"
"${this.isThreadStatic?`[ThreadStatic] `:``}${this.isStatic?`static `:``}${this.type.name} ${this.name}${this.isLiteral?` = ${this.type.class.isEnum?Il2Cpp3.read(this.value.handle,this.type.class.baseType):this.value}`:``};${this.isThreadStatic||this.isLiteral?``:` // 0x${this.offset.toString(16)}`}","template","bridge/bundler","1","2069","F388:toString"
"[ThreadStatic] ","template","bridge/bundler","1","2069","F388:toString"
"static ","template","bridge/bundler","2","2069;2513","F388:toString;F455:toString"
" = ${this.type.class.isEnum?Il2Cpp3.read(this.value.handle,this.type.class.baseType):this.value}","template","bridge/bundler","1","2069","F388:toString"
" // 0x${this.offset.toString(16)}","template","bridge/bundler","1","2069","F388:toString"
"cannot bind static field ${this.class.type.name}::${this.name} to an instance","template","bridge/bundler","1","2081","F389:bind"
"isLiteral","literal","bridge/bundler","1","2109","F375:IIFE(Il2Cpp3)"
"isStatic","literal","bridge/bundler","2","2112;2590","F375:IIFE(Il2Cpp3);F418:IIFE(Il2Cpp3)"
"modifier","literal","bridge/bundler","2","2118;2596","F375:IIFE(Il2Cpp3);F418:IIFE(Il2Cpp3)"
"offset","literal","bridge/bundler","1","2124","F375:IIFE(Il2Cpp3)"
"GetTypes","literal","bridge/bundler","1","2165","F399:classes"
"couldn't find class ${name} in assembly ${this.name}","template","bridge/bundler","1","2182","F403:class"
"assembly","literal","bridge/bundler;bot","24","2194;3500;3522","F396:IIFE(Il2Cpp3);F573:Il2Cpp[""perform""] callback;F586:setTimeout callback"
"classCount","literal","bridge/bundler","1","2197","F396:IIFE(Il2Cpp3)"
"classes","literal","bridge/bundler","2","2200;2237","F396:IIFE(Il2Cpp3);F406:IIFE(Il2Cpp3)"
"corlib","literal","bridge/bundler","1","2208","F396:IIFE(Il2Cpp3)"
"objects","literal","bridge/bundler","1","2240","F406:IIFE(Il2Cpp3)"
"System.Reflection.Module","literal","bridge/bundler","2","2359;2366","F439:virtualAddress"
"FilterTypeName","literal","bridge/bundler","1","2359","F439:virtualAddress"
"method","literal","bridge/bundler;bot","124","2361;3424;3523;3557;3559;3585;3589;3592;3593;3607;3610;3646;3666;3728;3825;3826;3887;3889;3913;3921;3932;3938;3943;3945;3948;3965;3968;3972;3974;3993;3997;3999;4023;4068;4073;4100;4103;4117;4131;4138;4154;4177;4200;4203;4209;4213;4232;4257;4265;4268;4292;4293;4296;4297;4300;4301;4307;4313;4318;4327;4333;4338;4346;4347;4349;4355;4366;4375;4380;4382;4384;4388;4391;4395;4415;4425;4428;4429;4430;4431;4432;4433;4435;4437;4441;4444;4448;4449;4455;4474;4484;4487;4489;4496;4504;4505;4515;4528;4529;4537;4556;4569;4609;4630;4635","F439:virtualAddress;F576:_0x2bf4ba;F586:setTimeout callback;F590:_0x35fda9;F591:setTimeout callback;F595:_0x4f2777;F597:Il2Cpp[""perform""] callback;F598:_0x5834a4;F573:Il2Cpp[""perform""] callback;F609:Il2Cpp[""perform""] callback;F601:onEnter;F634:_0x21db8b;F641:onLeave;F642:_0x57ee7a;F647:Il2Cpp[""perform""] callback;F648:_0x1df3df;F651:Il2Cpp[""perform""] callback;F653:Il2Cpp[""perform""] callback;F655:Il2Cpp[""perform""] callback;F656:onEnter;F662:Il2Cpp[""perform""] callback;F660:Il2Cpp[""perform""] callback;F669:onLeave;F674:Il2Cpp[""perform""] callback;F676:Il2Cpp[""perform""] callback;F679:_0x28d3f9;F680:_0x500834;F682:onLeave;F683:_0xec5551;F684:_0xef4611[""map""] callback;F686:_0x403d54;F689:onEnter;F693:Il2Cpp[""perform""] callback;F694:_0xfcca0f;F706:onEnter;F711:Il2Cpp[""perform""] callback;F713:Il2Cpp[""perform""] callback"
"couldn't find the virtual address offset in the native method struct","literal","bridge/bundler","1","2362","F439:virtualAddress"
"virtualAddress","literal","bridge/bundler;bot","19","2363;3667;3914;3921;3932;3938;4117;4138;4200;4203;4232;4318;4375;4474;4484;4487;4489;4569;4609","F439:virtualAddress;F573:Il2Cpp[""perform""] callback"
"access violation accessing 0x0","literal","bridge/bundler","1","2375","F442:implementation"
"couldn't set implementation for method ${this.name} as it has a NULL virtual address","template","bridge/bundler","1","2376","F442:implementation"
"couldn't set implementation for method ${this.name} as it may be a thunk","template","bridge/bundler","1","2378","F442:implementation"
"couldn't set implementation for method ${this.name} as it has already been replaced by a thunk","template","bridge/bundler","1","2381","F442:implementation"
"could not find inflatable signature of method ${this.name} with ${classes.length} generic parameter(s)","template","bridge/bundler","1","2396","F443:inflate"
"MakeGenericMethod","literal","bridge/bundler","1","2400","F443:inflate"
"mhandle","literal","bridge/bundler","1","2401","F443:inflate"
"cannot invoke non-static method ${this.name} as it must be invoked throught a Il2Cpp.Object, not a Il2Cpp.Class","template","bridge/bundler","1","2406","F445:invoke"
"an unexpected native invocation exception occurred, this is due to parameter types mismatch","literal","bridge/bundler","1","2424","F446:invokeRaw"
"bad argument count","literal","bridge/bundler","1","2427","F446:invokeRaw"
"couldn't invoke method ${this.name} as it needs ${this.parameterCount} parameter(s), not ${parameters.length}","template","bridge/bundler","1","2428","F446:invokeRaw"
"expected a pointer","literal","bridge/bundler","1","2429","F446:invokeRaw"
"expected number","literal","bridge/bundler","1","2430","F446:invokeRaw"
"expected array with fields","literal","bridge/bundler","1","2431","F446:invokeRaw"
"couldn't invoke method ${this.name} using incorrect parameter types","template","bridge/bundler","1","2432","F446:invokeRaw"
"couldn't find overloaded method ${this.name}(${typeNamesOrClasses.map(_=>_ instanceof Il2Cpp3.Class?_.type.name:_)})","template","bridge/bundler","1","2440","F447:overload"
"couldn't find parameter ${name} in method ${this.name}","template","bridge/bundler","1","2454","F450:parameter"
"${this.isStatic?`static `:``}${this.returnType.name} ${this.name}${this.generics.length>0?`<${this.generics.map(_=>_.type.name).join("","")}>`:""""}(${this.parameters.join(`, `)});${this.virtualAddress.isNull()?``:` // 0x${this.relativeVirtualAddress.toString(16).padStart(8,`0`)}`}","template","bridge/bundler","1","2513","F455:toString"
"<${this.generics.map(_=>_.type.name).join("","")}>","template","bridge/bundler","1","2513","F455:toString"
" // 0x${this.relativeVirtualAddress.toString(16).padStart(8,`0`)}","template","bridge/bundler","1","2513","F455:toString"
"cannot bind static method ${this.class.type.name}::${this.name} to an instance","template","bridge/bundler","1","2525","F457:bind"
"invoke","literal","bridge/bundler;bot","106","2530;3424;3523;3557;3559;3585;3589;3592;3593;3607;3610;3646;3728;3825;3826;3887;3889;3943;3945;3948;3965;3968;3972;3974;3993;3997;3999;4023;4068;4073;4100;4103;4131;4154;4177;4209;4213;4257;4265;4268;4292;4293;4296;4297;4300;4301;4307;4313;4327;4333;4338;4346;4347;4349;4355;4366;4380;4382;4384;4388;4391;4395;4415;4425;4428;4429;4430;4431;4432;4433;4435;4437;4441;4444;4448;4449;4455;4496;4504;4505;4515;4528;4529;4537;4556;4630;4635","F458:get;F576:_0x2bf4ba;F586:setTimeout callback;F590:_0x35fda9;F591:setTimeout callback;F595:_0x4f2777;F597:Il2Cpp[""perform""] callback;F598:_0x5834a4;F609:Il2Cpp[""perform""] callback;F601:onEnter;F634:_0x21db8b;F641:onLeave;F642:_0x57ee7a;F647:Il2Cpp[""perform""] callback;F648:_0x1df3df;F651:Il2Cpp[""perform""] callback;F653:Il2Cpp[""perform""] callback;F655:Il2Cpp[""perform""] callback;F656:onEnter;F662:Il2Cpp[""perform""] callback;F660:Il2Cpp[""perform""] callback;F669:onLeave;F674:Il2Cpp[""perform""] callback;F676:Il2Cpp[""perform""] callback;F679:_0x28d3f9;F680:_0x500834;F682:onLeave;F683:_0xec5551;F684:_0xef4611[""map""] callback;F686:_0x403d54;F689:onEnter;F693:Il2Cpp[""perform""] callback;F694:_0xfcca0f;F706:onEnter;F711:Il2Cpp[""perform""] callback;F713:Il2Cpp[""perform""] callback"
"cannot invoke method ${target.class.type.name}::${target.name} against a value type, you must box it first","template","bridge/bundler","1","2531","F458:get"
"overloads","literal","bridge/bundler","1","2533","F458:get"
"inflate","literal","bridge/bundler","1","2541","F458:get"
"overload","literal","bridge/bundler;bot","2","2542;3913","F458:get;F573:Il2Cpp[""perform""] callback"
"tryOverload","literal","bridge/bundler","1","2543","F458:get"
"implementationFlags","literal","bridge/bundler","1","2572","F418:IIFE(Il2Cpp3)"
"fridaSignature","literal","bridge/bundler","1","2575","F418:IIFE(Il2Cpp3)"
"isExternal","literal","bridge/bundler","1","2581","F418:IIFE(Il2Cpp3)"
"isSynchronized","literal","bridge/bundler","1","2593","F418:IIFE(Il2Cpp3)"
"nativeFunction","literal","bridge/bundler","1","2602","F418:IIFE(Il2Cpp3)"
"parameterCount","literal","bridge/bundler","1","2608","F418:IIFE(Il2Cpp3)"
"parameters","literal","bridge/bundler","1","2611","F418:IIFE(Il2Cpp3)"
"relativeVirtualAddress","literal","bridge/bundler","1","2614","F418:IIFE(Il2Cpp3)"
"returnType","literal","bridge/bundler","1","2617","F418:IIFE(Il2Cpp3)"
"Equals","literal","bridge/bundler","2","2622;3234","F464:structMethodsRequireObjectInstances;F559:is"
"System.Object","literal","bridge/bundler","2","2630;3118","F467:headerSize;F539:Enum"
"class ${this.class.type.name} has no parent","template","bridge/bundler","1","2666","F468:base"
"base","literal","bridge/bundler","1","2672","F469:get"
"couldn't find non-static field ${name} in hierarchy of class ${this.class.type.name}","template","bridge/bundler","1","2693","F473:field"
"couldn't find non-static method ${name} in hierarchy of class ${this.class.type.name}","template","bridge/bundler","1","2697","F474:method"
"ToString","literal","bridge/bundler","2","2739;3323","F479:toString;F568:toString"
"couldn't unbox instances of ${this.class.type.name} as they are not value types","template","bridge/bundler","1","2743","F480:unbox"
"size","literal","bridge/bundler;bot","9","2755;3887;4346;4382;4425;4435;4496","F466:IIFE(Il2Cpp3);F634:_0x21db8b;F683:_0xec5551;F689:onEnter;F694:_0xfcca0f;F706:onEnter"
"${this.type.name} ${this.name}","template","bridge/bundler","1","2814","F493:toString"
"->${this.value}","template","bridge/bundler","1","2872","F505:toString"
"couldn't create a reference to ${value} using an unhandled type ${type?.name}","template","bridge/bundler","1","2924","F506:reference"
"couldn't find the length offset in the native string struct","literal","bridge/bundler","1","2937","F509:content"
"content","literal","bridge/bundler;bot","5","2938;3671;3917;4205;4237","F509:content;F601:onEnter;F638:onEnter;F668:onEnter;F672:onEnter"
"""${this.content}""","template","bridge/bundler","1","2956","F514:toString"
"thread_id","literal","bridge/bundler","1","2970","F518:get"
"couldn't find the offset for determining the kernel id of a posix thread","template","bridge/bundler","1","2975","F517:id"
"id","literal","bridge/bundler;bot","36","2981;3412;3511;3530;4286;4350;4354;4355;4386","F517:id;F574:_0x385fac;F573:Il2Cpp[""perform""] callback;F683:_0xec5551;F685:_0x209f98[""findIndex""] callback;F684:_0xef4611[""map""] callback;F689:onEnter"
"internal_thread","literal","bridge/bundler","1","2986","F521:internal"
"get_ManagedThreadId","literal","bridge/bundler","1","2994","F523:managedId"
"static_data","literal","bridge/bundler","1","3002","F525:staticData"
"GetMutableExecutionContext","literal","bridge/bundler","1","3006","F526:synchronizationContext"
"get_ExecutionContext","literal","bridge/bundler","1","3006","F526:synchronizationContext"
"_syncContext","literal","bridge/bundler","1","3008","F526:synchronizationContext"
"get_SynchronizationContext","literal","bridge/bundler","1","3008","F526:synchronizationContext"
"System.Threading.SynchronizationContext","literal","bridge/bundler","1","3008","F526:synchronizationContext"
"Post","literal","bridge/bundler","1","3017","F528:schedule"
"System.Threading.SendOrPostCallback","literal","bridge/bundler","1","3022","F529:Promise callback"
"isFinalizer","literal","bridge/bundler","1","3050","F516:IIFE(Il2Cpp3)"
"managedId","literal","bridge/bundler","1","3053","F516:IIFE(Il2Cpp3)"
"staticData","literal","bridge/bundler","1","3059","F516:IIFE(Il2Cpp3)"
"synchronizationContext","literal","bridge/bundler","1","3062","F516:IIFE(Il2Cpp3)"
"attachedThreads","literal","bridge/bundler","1","3064","F516:IIFE(Il2Cpp3)"
"Current thread is not attached to IL2CPP","literal","bridge/bundler","1","3066","F534:getter callback"
"rw-","literal","bridge/bundler","1","3069","F534:getter callback"
"currentThread","literal","bridge/bundler","1","3088","F516:IIFE(Il2Cpp3)"
"mainThread","literal","bridge/bundler","1","3091","F516:IIFE(Il2Cpp3)"
"System.Void","literal","bridge/bundler","3","3101;3121;3122","F539:Enum"
"System.Single","literal","bridge/bundler","1","3114","F539:Enum"
"System.Double","literal","bridge/bundler","1","3115","F539:Enum"
"System.Decimal","literal","bridge/bundler","1","3117","F539:Enum"
"`1","literal","bridge/bundler","1","3123","F546:_2.interfaces.find callback"
"Enum","literal","bridge/bundler","2","3125;3266","F539:Enum;F538:IIFE(Il2Cpp3)"
"System.Action`1","literal","bridge/bundler","1","3128","F539:Enum"
"AsReadOnly","literal","bridge/bundler","1","3129","F548:_ callback"
"char","literal","bridge/bundler","1","3140","F551:getValueTypeFields"
"uchar","literal","bridge/bundler","1","3151","F550:fridaAlias"
"int8","literal","bridge/bundler","1","3153","F550:fridaAlias"
"int16","literal","bridge/bundler","1","3157","F550:fridaAlias"
"uint16","literal","bridge/bundler","1","3159","F550:fridaAlias"
"uint64","literal","bridge/bundler","1","3167","F550:fridaAlias"
"float","literal","bridge/bundler","1","3169","F550:fridaAlias"
"double","literal","bridge/bundler","1","3171","F550:fridaAlias"
"&","literal","bridge/bundler","1","3191","F554:isByReference"
"fridaAlias","literal","bridge/bundler","1","3248","F538:IIFE(Il2Cpp3)"
"isByReference","literal","bridge/bundler","1","3251","F538:IIFE(Il2Cpp3)"
"isPrimitive","literal","bridge/bundler","1","3254","F538:IIFE(Il2Cpp3)"
"enumValue","literal","bridge/bundler","1","3263","F538:IIFE(Il2Cpp3)"
"couldn't find non-static field ${name} in hierarchy of class ${this.type.name}","template","bridge/bundler","1","3285","F564:field"
"couldn't find non-static method ${name} in hierarchy of class ${this.type.name}","template","bridge/bundler","1","3289","F565:method"
"avatar.js","literal","bot","1","3339","F569:avatar.js"
"LICENSE_KEY","literal","bot","2","3362;3516","F571:_0x74df60;F586:setTimeout callback"
"/data/data/com.TeaM.Avatar/shared_prefs/AutoAppPrefs.xml","literal","bot","2","3363;3382","F571:_0x74df60;F572:_0x38515e"
"r","literal","bot","3","3365;3384;3484","F571:_0x74df60;F572:_0x38515e;F584:setInterval callback"
"readText","literal","bot","3","3365;3385;3484","F571:_0x74df60;F572:_0x38515e;F584:setInterval callback"
"close","literal","bot","10","3366;3386;3390;3475;3479;3481;3485;3593;4293;4395","F571:_0x74df60;F572:_0x38515e;F583:setImmediate callback;F584:setInterval callback;F597:Il2Cpp[""perform""] callback;F679:_0x28d3f9;F689:onEnter"
"match","literal","bot","12","3367;3372;3374;3403;3434;3674;3690;3704;3718;3812;3831;3849","F571:_0x74df60;F574:_0x385fac;F578:_0x449de4;F601:onEnter"
"<string name=""","literal","bot","3","3367;3387;3388","F571:_0x74df60;F572:_0x38515e"
""">([^<]+)</string>","literal","bot","1","3367","F571:_0x74df60"
"replace","literal","bot","4","3370;3388;3518","F571:_0x74df60;F572:_0x38515e;F586:setTimeout callback"
"""","literal","bot","1","3370","F571:_0x74df60"
"<int name=""","literal","bot","1","3372","F571:_0x74df60"
""" value=""([^""]+)""","literal","bot","2","3372;3374","F571:_0x74df60"
"<boolean name=""","literal","bot","1","3374","F571:_0x74df60"
"true","literal","bot","1","3375","F571:_0x74df60"
""">([^<]*)</string>","literal","bot","1","3387","F572:_0x38515e"
"test","literal","bot","1","3388","F572:_0x38515e"
""">","literal","bot","2","3388","F572:_0x38515e"
"</string>","literal","bot","1","3388","F572:_0x38515e"
"</map>","literal","bot","1","3388","F572:_0x38515e"
"    <string name=""","literal","bot","1","3388","F572:_0x38515e"
"</string>
</map>","literal","bot","1","3388","F572:_0x38515e"
"write","literal","bot","4","3390;3475;3479;3481","F572:_0x38515e;F583:setImmediate callback"
"flush","literal","bot","4","3390;3475;3479;3481","F572:_0x38515e;F583:setImmediate callback"
"perform","literal","bot","50","3395;3591;3610;3653;3679;3695;3709;3723;3729;3733;3748;3757;3766;3776;3785;3794;3804;3826;3840;3858;3866;3901;3974;3984;3990;4057;4070;4084;4103;4146;4152;4179;4183;4214;4254;4262;4268;4271;4368;4403;4411;4460;4466;4478;4504;4515;4528;4537;4622;4632","F570:setTimeout callback;F596:setTimeout callback;F597:Il2Cpp[""perform""] callback;F599:setTimeout callback;F602:setTimeout callback;F604:setTimeout callback;F606:setTimeout callback;F608:setTimeout callback;F610:setTimeout callback;F612:setTimeout callback;F614:setTimeout callback;F616:setTimeout callback;F618:setTimeout callback;F620:setTimeout callback;F622:setTimeout callback;F624:setTimeout callback;F626:setTimeout callback;F601:onEnter;F628:setTimeout callback;F630:setTimeout callback;F632:setTimeout callback;F636:setInterval callback;F642:_0x57ee7a;F644:setTimeout callback;F646:setTimeout callback;F649:_0x234e45;F652:setTimeout callback;F654:setTimeout callback;F655:Il2Cpp[""perform""] callback;F659:setTimeout callback;F661:setTimeout callback;F663:setTimeout callback;F665:setTimeout callback;F670:setTimeout callback;F673:setTimeout callback;F675:setTimeout callback;F676:Il2Cpp[""perform""] callback;F677:setTimeout callback;F687:setTimeout callback;F690:_0x18ddcd;F692:_0x32ccbf;F696:setTimeout callback;F699:setTimeout callback;F702:setTimeout callback;F706:onEnter;F710:setTimeout callback;F712:setTimeout callback"
"split","literal","bot","2","3399;3407","F574:_0x385fac"
"trim","literal","bot","6","3401;3405;3484;3674;3889","F574:_0x385fac;F584:setInterval callback;F601:onEnter;F634:_0x21db8b"
"toLowerCase","literal","bot","7","3402;3405;3432;3530;3674","F574:_0x385fac;F578:_0x449de4;F573:Il2Cpp[""perform""] callback;F601:onEnter"
"startsWith","literal","bot","2","3402","F574:_0x385fac"
"reward","literal","bot","1","3402","F574:_0x385fac"
"phần thưởng","literal","bot","1","3402","F574:_0x385fac"
"includes","literal","bot","39","3407;3411;3433;3448;3462;3546;3721;3746;3755;3764;3774;3783;3792;3802;3890;3928;4141;4157;4172;4208;4238;4240;4242;4244;4245;4269","F574:_0x385fac;F578:_0x449de4;F579:_0x3c4d04;F580:_0x55bf4a;F589:_0x2ca76a[""some""] callback;F601:onEnter;F634:_0x21db8b;F639:onEnter;F657:onEnter;F660:Il2Cpp[""perform""] callback;F669:onLeave;F672:onEnter;F676:Il2Cpp[""perform""] callback"
"idMap","literal","bot","25","3412;3416;3511;3530;3604;3605","F574:_0x385fac;F573:Il2Cpp[""perform""] callback;F597:Il2Cpp[""perform""] callback"
"push","literal","bot","14","3416;3462;3530;4026;4028;4029;4202;4350;4431;4438;4584;4591;4596;4603","F574:_0x385fac;F580:_0x55bf4a;F573:Il2Cpp[""perform""] callback;F648:_0x1df3df;F667:onEnter;F683:_0xec5551;F694:_0xfcca0f;F707:onEnter"
"idFish","literal","bot","2","3416;3576","F574:_0x385fac;F594:_0x5bb368"
"currentNum","literal","bot","4","3416;3577;3578","F574:_0x385fac;F594:_0x5bb368"
"requestNum","literal","bot","3","3416;3578","F574:_0x385fac;F594:_0x5bb368"
"status","literal","bot","4","3416;3576;3578;3598","F574:_0x385fac;F594:_0x5bb368;F597:Il2Cpp[""perform""] callback"
"field","literal","bot","70","3421;3424;3535;3537;3556;3609;3645;3727;3825;3885;3889;3948;3961;3963;3987;3988;4016;4062;4102;4153;4176;4235;4267;4312;4324;4327;4331;4332;4338;4346;4350;4365;4380;4386;4414;4425;4428;4429;4430;4435;4438;4443;4494;4497;4502;4513;4526;4536;4627","F575:_0x4314e6;F576:_0x2bf4ba;F588:_0x59afe4;F590:_0x35fda9;F597:Il2Cpp[""perform""] callback;F598:_0x5834a4;F609:Il2Cpp[""perform""] callback;F601:onEnter;F634:_0x21db8b;F641:onLeave;F642:_0x57ee7a;F645:Il2Cpp[""perform""] callback;F648:_0x1df3df;F651:Il2Cpp[""perform""] callback;F655:Il2Cpp[""perform""] callback;F662:Il2Cpp[""perform""] callback;F660:Il2Cpp[""perform""] callback;F672:onEnter;F676:Il2Cpp[""perform""] callback;F680:_0x500834;F682:onLeave;F683:_0xec5551;F686:_0x403d54;F689:onEnter;F693:Il2Cpp[""perform""] callback;F694:_0xfcca0f;F706:onEnter;F711:Il2Cpp[""perform""] callback"
"h","literal","bot","1","3421","F575:_0x4314e6"
"round","literal","bot","2","3421","F575:_0x4314e6"
"x","literal","bot","45","3422;3425;3557;3559;3569;3642;3643;3646;3649;3727;3728;3731;4026;4028;4029;4060;4061;4068;4073;4078;4107;4131;4154;4159;4162;4164;4166;4176;4177;4181;4202;4218;4220;4222;4272;4365;4366","F575:_0x4314e6;F576:_0x2bf4ba;F590:_0x35fda9;F591:setTimeout callback;F593:_0x476835;F598:_0x5834a4;F609:Il2Cpp[""perform""] callback;F611:Il2Cpp[""perform""] callback;F648:_0x1df3df;F651:Il2Cpp[""perform""] callback;F653:Il2Cpp[""perform""] callback;F655:Il2Cpp[""perform""] callback;F656:onEnter;F662:Il2Cpp[""perform""] callback;F660:Il2Cpp[""perform""] callback;F664:Il2Cpp[""perform""] callback;F667:onEnter;F671:Il2Cpp[""perform""] callback;F678:Il2Cpp[""perform""] callback;F686:_0x403d54"
"y","literal","bot","45","3422;3425;3557;3559;3569;3642;3643;3646;3649;3727;3728;3731;4026;4028;4029;4060;4061;4068;4073;4078;4107;4131;4154;4159;4162;4164;4166;4176;4177;4181;4202;4218;4220;4222;4272;4365;4366","F575:_0x4314e6;F576:_0x2bf4ba;F590:_0x35fda9;F591:setTimeout callback;F593:_0x476835;F598:_0x5834a4;F609:Il2Cpp[""perform""] callback;F611:Il2Cpp[""perform""] callback;F648:_0x1df3df;F651:Il2Cpp[""perform""] callback;F653:Il2Cpp[""perform""] callback;F655:Il2Cpp[""perform""] callback;F656:onEnter;F662:Il2Cpp[""perform""] callback;F660:Il2Cpp[""perform""] callback;F664:Il2Cpp[""perform""] callback;F667:onEnter;F671:Il2Cpp[""perform""] callback;F678:Il2Cpp[""perform""] callback;F686:_0x403d54"
"gI","literal","bot","17","3424;3585;3592;3607;3825;3943;3993;4100;4265;4292;4296;4300;4307;4327;4333;4380;4435","F576:_0x2bf4ba;F595:_0x4f2777;F597:Il2Cpp[""perform""] callback;F601:onEnter;F641:onLeave;F647:Il2Cpp[""perform""] callback;F655:Il2Cpp[""perform""] callback;F676:Il2Cpp[""perform""] callback;F679:_0x28d3f9;F682:onLeave;F689:onEnter;F694:_0xfcca0f"
"Object","literal","bot","54","3424;3556;3587;3592;3609;3610;3825;3826;3887;3889;3943;3963;3966;3987;3995;4067;4102;4103;4130;4235;4267;4268;4293;4297;4301;4307;4312;4338;4346;4349;4380;4384;4415;4425;4428;4435;4437;4441;4454;4492;4496;4504;4515;4528;4537;4629","F576:_0x2bf4ba;F590:_0x35fda9;F595:_0x4f2777;F597:Il2Cpp[""perform""] callback;F601:onEnter;F634:_0x21db8b;F641:onLeave;F642:_0x57ee7a;F645:Il2Cpp[""perform""] callback;F647:Il2Cpp[""perform""] callback;F651:Il2Cpp[""perform""] callback;F655:Il2Cpp[""perform""] callback;F656:onEnter;F672:onEnter;F676:Il2Cpp[""perform""] callback;F679:_0x28d3f9;F680:_0x500834;F682:onLeave;F683:_0xec5551;F689:onEnter;F693:Il2Cpp[""perform""] callback;F694:_0xfcca0f;F706:onEnter;F711:Il2Cpp[""perform""] callback"
"xCam","literal","bot","1","3424","F576:_0x2bf4ba"
"yCam","literal","bot","1","3424","F576:_0x2bf4ba"
"zoom","literal","bot","1","3424","F576:_0x2bf4ba"
"transTab","literal","bot","1","3424","F576:_0x2bf4ba"
"trunc","literal","bot","2","3425","F576:_0x2bf4ba"
"getFullYear","literal","bot","3","3427;3442;3455","F577:_0x17ca5e;F579:_0x3c4d04;F580:_0x55bf4a"
"getMonth","literal","bot","3","3427;3442;3455","F577:_0x17ca5e;F579:_0x3c4d04;F580:_0x55bf4a"
"getDate","literal","bot","3","3427;3442;3455","F577:_0x17ca5e;F579:_0x3c4d04;F580:_0x55bf4a"
"getHours","literal","bot","1","3427","F577:_0x17ca5e"
"1 hộp bánh","literal","bot","1","3433","F578:_0x449de4"
"1 mooncake box","literal","bot","1","3433","F578:_0x449de4"
"GIFT_LIST","literal","bot","3","3442;3456;3464","F579:_0x3c4d04;F580:_0x55bf4a"
"parse","literal","bot","4","3445;3458;3487;3543","F579:_0x3c4d04;F580:_0x55bf4a;F584:setInterval callback;F588:_0x59afe4"
"date","literal","bot","3","3446;3456;3459","F579:_0x3c4d04;F580:_0x55bf4a"
"idPlayers","literal","bot","8","3447;3448;3456;3459;3462","F579:_0x3c4d04;F580:_0x55bf4a"
"isArray","literal","bot","2","3447;3488","F579:_0x3c4d04;F584:setInterval callback"
"stringify","literal","bot","2","3463;3478","F580:_0x55bf4a;F583:setImmediate callback"
"/data/data/com.TeaM.Avatar/files","literal","bot","1","3471","F583:setImmediate callback"
"/minigame_in.json","literal","bot","1","3471","F583:setImmediate callback"
"/minigame_out.json","literal","bot","1","3471","F583:setImmediate callback"
"sources","literal","bot","1","3478","F583:setImmediate callback"
"targets","literal","bot","1","3478","F583:setImmediate callback"
".tmp","literal","bot","1","3478","F583:setImmediate callback"
"Assembly-CSharp","literal","bot","22","3500","F573:Il2Cpp[""perform""] callback"
"FishingScr","literal","bot","1","3500","F573:Il2Cpp[""perform""] callback"
"Canvas","literal","bot","1","3500","F573:Il2Cpp[""perform""] callback"
"GameMidlet","literal","bot","1","3500","F573:Il2Cpp[""perform""] callback"
"LoadMap","literal","bot","1","3500","F573:Il2Cpp[""perform""] callback"
"MapScr","literal","bot","1","3500","F573:Il2Cpp[""perform""] callback"
"MsgDlg","literal","bot","1","3500","F573:Il2Cpp[""perform""] callback"
"AvatarService","literal","bot","1","3500","F573:Il2Cpp[""perform""] callback"
"GlobalService","literal","bot","1","3500","F573:Il2Cpp[""perform""] callback"
"FarmScr","literal","bot","1","3500","F573:Il2Cpp[""perform""] callback"
"FarmService","literal","bot","1","3500","F573:Il2Cpp[""perform""] callback"
"ChatTextField/IActionChat2","literal","bot","1","3500","F573:Il2Cpp[""perform""] callback"
"TField","literal","bot","1","3500","F573:Il2Cpp[""perform""] callback"
"ChatTextField","literal","bot","1","3500","F573:Il2Cpp[""perform""] callback"
"MiniMap","literal","bot","1","3500","F573:Il2Cpp[""perform""] callback"
"FarmData","literal","bot","1","3500","F573:Il2Cpp[""perform""] callback"
"ParkService","literal","bot","1","3500","F573:Il2Cpp[""perform""] callback"
"ParkListSrc","literal","bot","1","3500","F573:Il2Cpp[""perform""] callback"
"AvMain","literal","bot","1","3500","F573:Il2Cpp[""perform""] callback"
"AvCamera","literal","bot","1","3500","F573:Il2Cpp[""perform""] callback"
"LoginScr","literal","bot","1","3500","F573:Il2Cpp[""perform""] callback"
"CustomTab","literal","bot","1","3500","F573:Il2Cpp[""perform""] callback"
"CookingScr","literal","bot","1","3500","F573:Il2Cpp[""perform""] callback"
"SEED_ID","literal","bot","1","3504","F573:Il2Cpp[""perform""] callback"
"FOOD_ID","literal","bot","1","3504","F573:Il2Cpp[""perform""] callback"
"FARM_TIME","literal","bot","1","3505","F573:Il2Cpp[""perform""] callback"
"names","literal","bot","20","3511;3529","F573:Il2Cpp[""perform""] callback"
"cá lòng tong","literal","bot","1","3511","F573:Il2Cpp[""perform""] callback"
"tiny fish","literal","bot","1","3511","F573:Il2Cpp[""perform""] callback"
"cá rô","literal","bot","1","3511","F573:Il2Cpp[""perform""] callback"
"perch fish","literal","bot","1","3511","F573:Il2Cpp[""perform""] callback"
"cá chép vàng","literal","bot","1","3511","F573:Il2Cpp[""perform""] callback"
"carp","literal","bot","1","3511","F573:Il2Cpp[""perform""] callback"
"cá lóc","literal","bot","1","3511","F573:Il2Cpp[""perform""] callback"
"snake head","literal","bot","1","3511","F573:Il2Cpp[""perform""] callback"
"cá nóc","literal","bot","1","3511","F573:Il2Cpp[""perform""] callback"
"puffer","literal","bot","1","3511","F573:Il2Cpp[""perform""] callback"
"cua","literal","bot","1","3511","F573:Il2Cpp[""perform""] callback"
"crab","literal","bot","1","3511","F573:Il2Cpp[""perform""] callback"
"cá ngựa","literal","bot","1","3511","F573:Il2Cpp[""perform""] callback"
"horsefish","literal","bot","1","3511","F573:Il2Cpp[""perform""] callback"
"cá chim","literal","bot","1","3511","F573:Il2Cpp[""perform""] callback"
"butter","literal","bot","1","3511","F573:Il2Cpp[""perform""] callback"
"cá đuối","literal","bot","1","3511","F573:Il2Cpp[""perform""] callback"
"rayfish","literal","bot","1","3511","F573:Il2Cpp[""perform""] callback"
"cá hề","literal","bot","1","3511","F573:Il2Cpp[""perform""] callback"
"nemo","literal","bot","1","3511","F573:Il2Cpp[""perform""] callback"
"cá lia thia","literal","bot","1","3511","F573:Il2Cpp[""perform""] callback"
"paradise","literal","bot","1","3511","F573:Il2Cpp[""perform""] callback"
"cá vàng","literal","bot","1","3511","F573:Il2Cpp[""perform""] callback"
"golden fish","literal","bot","1","3511","F573:Il2Cpp[""perform""] callback"
"cá chép","literal","bot","1","3511","F573:Il2Cpp[""perform""] callback"
"perch","literal","bot","1","3511","F573:Il2Cpp[""perform""] callback"
"nhái","literal","bot","1","3511","F573:Il2Cpp[""perform""] callback"
"frog","literal","bot","1","3511","F573:Il2Cpp[""perform""] callback"
"chàng hiu","literal","bot","1","3511","F573:Il2Cpp[""perform""] callback"
"green frog","literal","bot","1","3511","F573:Il2Cpp[""perform""] callback"
"ếch","literal","bot","1","3511","F573:Il2Cpp[""perform""] callback"
"blue frog","literal","bot","1","3511","F573:Il2Cpp[""perform""] callback"
"mực","literal","bot","1","3511","F573:Il2Cpp[""perform""] callback"
"squid","literal","bot","1","3511","F573:Il2Cpp[""perform""] callback"
"bạch tuộc","literal","bot","1","3511","F573:Il2Cpp[""perform""] callback"
"octopus","literal","bot","1","3511","F573:Il2Cpp[""perform""] callback"
"sứa","literal","bot","1","3511","F573:Il2Cpp[""perform""] callback"
"jellyfish","literal","bot","1","3511","F573:Il2Cpp[""perform""] callback"
"STATUS","literal","bot","1","3516","F586:setTimeout callback"
"floor","literal","bot","4","3518;3618;4052;4172","F586:setTimeout callback;F597:Il2Cpp[""perform""] callback;F649:_0x234e45;F660:Il2Cpp[""perform""] callback"
"now","literal","bot","8","3518;3569;3677;4122;4315;4498;4500;4501","F586:setTimeout callback;F593:_0x476835;F601:onEnter;F656:onEnter;F680:_0x500834;F706:onEnter"
"UnityEngine.CoreModule","literal","bot","1","3522","F586:setTimeout callback"
"UnityEngine.Application","literal","bot","1","3522","F586:setTimeout callback"
"set_runInBackground","literal","bot","1","3523","F586:setTimeout callback"
"sort","literal","bot","1","3533","F573:Il2Cpp[""perform""] callback"
"avatar","literal","bot","2","3535;4154","F588:_0x59afe4;F662:Il2Cpp[""perform""] callback"
"isNull","literal","bot","39","3536;3608;3610;3646;3670;3728;3826;3917;3962;3964;3994;4014;4063;4101;4103;4119;4154;4177;4234;4236;4266;4268;4366;4381;4385;4415;4442;4453;4495;4504;4515;4528;4537;4576;4583;4595;4628","F588:_0x59afe4;F597:Il2Cpp[""perform""] callback;F598:_0x5834a4;F601:onEnter;F609:Il2Cpp[""perform""] callback;F638:onEnter;F642:_0x57ee7a;F647:Il2Cpp[""perform""] callback;F648:_0x1df3df;F651:Il2Cpp[""perform""] callback;F655:Il2Cpp[""perform""] callback;F656:onEnter;F662:Il2Cpp[""perform""] callback;F660:Il2Cpp[""perform""] callback;F672:onEnter;F676:Il2Cpp[""perform""] callback;F686:_0x403d54;F689:onEnter;F693:Il2Cpp[""perform""] callback;F694:_0xfcca0f;F706:onEnter;F707:onEnter;F711:Il2Cpp[""perform""] callback"
"IDDB","literal","bot","2","3537;4443","F588:_0x59afe4;F694:_0xfcca0f"
"String","literal","bot","6","3537;3671;3917;3925;4205;4237","F588:_0x59afe4;F601:onEnter;F638:onEnter;F639:onEnter;F668:onEnter;F672:onEnter"
"toString","literal","bot","3","3537;3889;3927","F588:_0x59afe4;F634:_0x21db8b;F639:onEnter"
"USERNAME","literal","bot","1","3539","F588:_0x59afe4"
"BLACKLISTED_USERNAMES","literal","bot","1","3542","F588:_0x59afe4"
"some","literal","bot","1","3546","F588:_0x59afe4"
"instance","literal","bot","17","3556;3645;3727;3961;3987;4062;4153;4176;4312;4338;4346;4365;4414;4425;4627","F590:_0x35fda9;F598:_0x5834a4;F609:Il2Cpp[""perform""] callback;F642:_0x57ee7a;F645:Il2Cpp[""perform""] callback;F651:Il2Cpp[""perform""] callback;F662:Il2Cpp[""perform""] callback;F660:Il2Cpp[""perform""] callback;F680:_0x500834;F682:onLeave;F683:_0xec5551;F686:_0x403d54;F693:Il2Cpp[""perform""] callback;F694:_0xfcca0f;F711:Il2Cpp[""perform""] callback"
"pointerPressed","literal","bot","10","3557;3646;3728;4068;4073;4154;4177;4366;4455;4630","F590:_0x35fda9;F598:_0x5834a4;F609:Il2Cpp[""perform""] callback;F651:Il2Cpp[""perform""] callback;F653:Il2Cpp[""perform""] callback;F662:Il2Cpp[""perform""] callback;F660:Il2Cpp[""perform""] callback;F686:_0x403d54;F694:_0xfcca0f;F711:Il2Cpp[""perform""] callback"
"pointerReleased","literal","bot","10","3559;3646;3728;4068;4073;4154;4177;4366;4455;4635","F591:setTimeout callback;F598:_0x5834a4;F609:Il2Cpp[""perform""] callback;F651:Il2Cpp[""perform""] callback;F653:Il2Cpp[""perform""] callback;F662:Il2Cpp[""perform""] callback;F660:Il2Cpp[""perform""] callback;F686:_0x403d54;F694:_0xfcca0f;F713:Il2Cpp[""perform""] callback"
"doMenuOption","literal","bot","1","3589","F595:_0x4f2777"
"cmdClose","literal","bot","6","3609;3825;4102;4267;4502;4526","F597:Il2Cpp[""perform""] callback;F601:onEnter;F655:Il2Cpp[""perform""] callback;F676:Il2Cpp[""perform""] callback;F706:onEnter"
"random","literal","bot","3","3618;4052;4172","F597:Il2Cpp[""perform""] callback;F649:_0x234e45;F660:Il2Cpp[""perform""] callback"
"setText","literal","bot","2","3666;3968","F573:Il2Cpp[""perform""] callback;F642:_0x57ee7a"
"attach","literal","bot","18","3667;3914;3921;3932;3938;4117;4138;4200;4203;4232;4318;4375;4474;4484;4487;4489;4569;4609","F573:Il2Cpp[""perform""] callback"
"onEnter","literal","bot","14","3667;3914;3921;4117;4138;4200;4203;4232;4318;4375;4487;4489;4569;4609","F601:onEnter;F638:onEnter;F639:onEnter;F656:onEnter;F657:onEnter;F667:onEnter;F668:onEnter;F672:onEnter;F681:onEnter;F689:onEnter;F705:onEnter;F706:onEnter;F707:onEnter;F708:onEnter"
"OK sếp, lần chăm farm kế tiếp sau ","literal","bot","1","3682","F603:Il2Cpp[""perform""] callback"
" phút","literal","bot","2","3682;3698","F603:Il2Cpp[""perform""] callback;F605:Il2Cpp[""perform""] callback"
"OK sếp, chăm farm sau ","literal","bot","1","3698","F605:Il2Cpp[""perform""] callback"
"OK sếp, đã đổi hạt giống thứ tự ","literal","bot","1","3712","F607:Il2Cpp[""perform""] callback"
"OK sếp, bắt đầu chăm farm rồi đi câu cá.","literal","bot","1","3726","F609:Il2Cpp[""perform""] callback"
"Không tìm thấy id bản đồ. Cá rô: 14, Cá mập: 15, Cá lóc: 16, Bến tàu: 27","literal","bot","1","3744","F601:onEnter"
"zoneon","literal","bot","1","3746","F601:onEnter"
"Đã bật tự động chuyển khu thưa sếp.","literal","bot","1","3750","F615:Il2Cpp[""perform""] callback"
"zoneoff","literal","bot","1","3755","F601:onEnter"
"Đã tắt tự động chuyển khu thưa sếp.","literal","bot","1","3759","F617:Il2Cpp[""perform""] callback"
"faston","literal","bot","1","3764","F601:onEnter"
"Đã bật auto siêu tốc thưa sếp.","literal","bot","1","3769","F619:Il2Cpp[""perform""] callback"
"fastoff","literal","bot","1","3774","F601:onEnter"
"Đã tắt siêu tốc thưa sếp.","literal","bot","1","3778","F621:Il2Cpp[""perform""] callback"
"queston","literal","bot","1","3783","F601:onEnter"
"Đã bật hoàn thành nhiệm vụ.","literal","bot","1","3787","F623:Il2Cpp[""perform""] callback"
"questoff","literal","bot","1","3792","F601:onEnter"
"Đã tắt hoàn thành nhiệm vụ.","literal","bot","1","3797","F625:Il2Cpp[""perform""] callback"
"npcoff","literal","bot","1","3802","F601:onEnter"
"Đã tắt tìm npc.","literal","bot","1","3807","F627:Il2Cpp[""perform""] callback"
"Giờ này làm gì có chú cuội hả fen","literal","bot","1","3816","F601:onEnter"
"Bạn đã nhận đủ quà rồi.","literal","bot","1","3820","F601:onEnter"
"Mã món ăn không hợp lệ.","literal","bot","1","3835","F601:onEnter"
"Đã đổi món ăn ","literal","bot","1","3843","F629:Il2Cpp[""perform""] callback"
" thưa sếp.","literal","bot","1","3843","F629:Il2Cpp[""perform""] callback"
"Số lần phải từ 0 trở lên","literal","bot","1","3853","F601:onEnter"
"Đã tắt tự động nấu ăn.","literal","bot","1","3860","F631:Il2Cpp[""perform""] callback"
"Tự động nấu ăn sẽ tắt sau ","literal","bot","1","3869","F633:Il2Cpp[""perform""] callback"
" lần.","literal","bot","1","3869","F633:Il2Cpp[""perform""] callback"
"playerLists","literal","bot","1","3885","F634:_0x21db8b"
"elementAt","literal","bot","5","3889;4349;4384;4428;4437","F634:_0x21db8b;F683:_0xec5551;F689:onEnter;F694:_0xfcca0f"
"toLocaleLowerCase","literal","bot","4","3889;3927;4207;4237","F634:_0x21db8b;F639:onEnter;F669:onLeave;F672:onEnter"
"chú cuội","literal","bot","1","3890","F634:_0x21db8b"
"uncle cuoi","literal","bot","1","3890","F634:_0x21db8b"
"addFlyText","literal","bot","1","3913","F573:Il2Cpp[""perform""] callback"
"addd","literal","bot","1","3921","F573:Il2Cpp[""perform""] callback"
"fish mission","literal","bot","1","3928","F639:onEnter"
"nhiệm vụ thợ câu","literal","bot","1","3928","F639:onEnter"
"switchToMe","literal","bot","3","3932;3938;4375","F573:Il2Cpp[""perform""] callback"
"onLeave","literal","bot","8","3932;3938;4142;4206;4320;4474;4484;4615","F640:onLeave;F641:onLeave;F658:onLeave;F669:onLeave;F682:onLeave;F701:onLeave;F704:onLeave;F709:onLeave"
"selected","literal","bot","4","3948;4327;4331;4332","F641:onLeave;F682:onLeave"
"setSelected","literal","bot","2","3948","F641:onLeave"
"tfChat","literal","bot","1","3963","F642:_0x57ee7a"
"showTF","literal","bot","1","3965","F642:_0x57ee7a"
"string","literal","bot","1","3966","F642:_0x57ee7a"
"alloc","literal","bot","1","3971","F642:_0x57ee7a"
"idShop","literal","bot","1","3988","F645:Il2Cpp[""perform""] callback"
"doBuyItem","literal","bot","5","3997;3999;4347;4355","F647:Il2Cpp[""perform""] callback;F683:_0xec5551;F684:_0xef4611[""map""] callback"
"wMap","literal","bot","1","4016","F648:_0x1df3df"
"Hmap","literal","bot","1","4016","F648:_0x1df3df"
"getTypeMap","literal","bot","1","4023","F648:_0x1df3df"
"no fishing spot","literal","bot","1","4045","F649:_0x234e45"
"all seats failed","literal","bot","1","4049","F649:_0x234e45"
"min","literal","bot","1","4052","F649:_0x234e45"
"invalid seat index","literal","bot","1","4054","F649:_0x234e45"
"Canvas null","literal","bot","1","4064","F651:Il2Cpp[""perform""] callback"
"click error","literal","bot","1","4080","F651:Il2Cpp[""perform""] callback"
"đã quăng câu","literal","bot","1","4088","F655:Il2Cpp[""perform""] callback"
"isFarming","literal","bot","1","4092","F655:Il2Cpp[""perform""] callback"
"isStopTakeSeat","literal","bot","1","4096","F655:Il2Cpp[""perform""] callback"
"attempt finished","literal","bot","1","4107","F655:Il2Cpp[""perform""] callback"
"timeout error","literal","bot","1","4109","F655:Il2Cpp[""perform""] callback"
"outer error","literal","bot","1","4114","F649:_0x234e45"
"update","literal","bot","2","4117;4489","F573:Il2Cpp[""perform""] callback"
"doJoin","literal","bot","1","4131","F656:onEnter"
"onJoinPark","literal","bot","1","4138","F573:Il2Cpp[""perform""] callback"
"toInt32","literal","bot","7","4140;4202;4573;4612;4614","F657:onEnter;F667:onEnter;F707:onEnter;F708:onEnter"
"addPopup","literal","bot","1","4200","F573:Il2Cpp[""perform""] callback"
"startOKDlg","literal","bot","1","4203","F573:Il2Cpp[""perform""] callback"
"str","literal","bot","3","4205;4207;4235","F668:onEnter;F669:onLeave;F672:onEnter"
"khu vực","literal","bot","1","4208","F669:onLeave"
"this area","literal","bot","1","4208","F669:onLeave"
"slow down","literal","bot","1","4208","F669:onLeave"
"chầm chậm","literal","bot","1","4208","F669:onLeave"
"vé","literal","bot","1","4208","F669:onLeave"
"ticket","literal","bot","1","4208","F669:onLeave"
"endDlg","literal","bot","3","4209;4213;4257","F669:onLeave;F674:Il2Cpp[""perform""] callback"
"setPosButton","literal","bot","1","4232","F573:Il2Cpp[""perform""] callback"
"use boraras bait","literal","bot","1","4238","F672:onEnter"
"cần sử dụng mồi câu cá trâm","literal","bot","1","4238","F672:onEnter"
"sử dụng mồi câu","literal","bot","1","4240","F672:onEnter"
"need a bait","literal","bot","1","4240","F672:onEnter"
"cần vé câu cá mập","literal","bot","1","4242","F672:onEnter"
"need a shark ticket","literal","bot","1","4242","F672:onEnter"
"cần vé câu cá lóc","literal","bot","1","4244","F672:onEnter"
"need a snake head ticket","literal","bot","1","4244","F672:onEnter"
"cần vé câu cá bến tàu","literal","bot","1","4245","F672:onEnter"
"need a pier fishing ticket","literal","bot","1","4245","F672:onEnter"
"price","literal","bot","9","4286;4355","F573:Il2Cpp[""perform""] callback;F684:_0xef4611[""map""] callback"
"getHandler","literal","bot","2","4297;4338","F679:_0x28d3f9;F682:onLeave"
"commandActionPointer","literal","bot","5","4301;4327;4333;4505;4529","F679:_0x28d3f9;F682:onLeave;F706:onEnter"
"doJoinPark","literal","bot","1","4307","F679:_0x28d3f9"
"doExit","literal","bot","1","4313","F680:_0x500834"
"joinCitymap","literal","bot","1","4318","F573:Il2Cpp[""perform""] callback"
"me","literal","bot","1","4324","F682:onLeave"
"listItemFarm","literal","bot","1","4346","F683:_0xec5551"
"ID","literal","bot","1","4350","F683:_0xec5551"
"map","literal","bot","1","4352","F683:_0xec5551"
"findIndex","literal","bot","2","4354;4445","F684:_0xef4611[""map""] callback;F694:_0xfcca0f"
"listDetailCooking","literal","bot","1","4380","F689:onEnter"
"time","literal","bot","1","4386","F689:onEnter"
"doHarvestCook","literal","bot","1","4388","F689:onEnter"
"doCooking","literal","bot","2","4388;4391","F689:onEnter"
"doPlantSeed","literal","bot","2","4415;4433","F693:Il2Cpp[""perform""] callback;F694:_0xfcca0f"
"cell","literal","bot","1","4425","F694:_0xfcca0f"
"idFarm","literal","bot","1","4425","F694:_0xfcca0f"
"statusTree","literal","bot","1","4428","F694:_0xfcca0f"
"idTree","literal","bot","1","4428","F694:_0xfcca0f"
"isWorm","literal","bot","1","4429","F694:_0xfcca0f"
"setBonPhan","literal","bot","2","4429;4430","F694:_0xfcca0f"
"isGrass","literal","bot","1","4430","F694:_0xfcca0f"
"doHervest","literal","bot","1","4431","F694:_0xfcca0f"
"doUsingItem","literal","bot","1","4432","F694:_0xfcca0f"
"animalLists","literal","bot","1","4435","F694:_0xfcca0f"
"listAnimalInfo","literal","bot","1","4435","F694:_0xfcca0f"
"species","literal","bot","4","4438;4443;4445","F694:_0xfcca0f;F695:_0x8ee63c[""findIndex""] callback"
"diedTime","literal","bot","3","4438;4448","F694:_0xfcca0f"
"priceProduct","literal","bot","3","4438;4447","F694:_0xfcca0f"
"harvestTime","literal","bot","3","4438;4446","F694:_0xfcca0f"
"getAnimalByIndex","literal","bot","1","4441","F694:_0xfcca0f"
"bornTime","literal","bot","1","4443","F694:_0xfcca0f"
"doHarvestAnimal","literal","bot","1","4444","F694:_0xfcca0f"
"requestTakeCareAnimal","literal","bot","1","4444","F694:_0xfcca0f"
"doSellAnimal","literal","bot","2","4448;4449","F694:_0xfcca0f"
"resizeMap","literal","bot","1","4474","F573:Il2Cpp[""perform""] callback"
"onStartFishing","literal","bot","1","4484","F573:Il2Cpp[""perform""] callback"
"doClose","literal","bot","1","4487","F573:Il2Cpp[""perform""] callback"
"listKeyRecieve","literal","bot","1","4494","F706:onEnter"
"listKeySend","literal","bot","1","4494","F706:onEnter"
"hideIcon","literal","bot","1","4497","F706:onEnter"
"autocauca.io.vn","literal","bot","1","4511","F706:onEnter"
"cmdQuanCau","literal","bot","1","4513","F706:onEnter"
"cmdXong","literal","bot","1","4536","F706:onEnter"
"setIndex","literal","bot","2","4556","F706:onEnter"
"onCaCanCau","literal","bot","1","4569","F573:Il2Cpp[""perform""] callback"
"Array","literal","bot","4","4577;4587;4599","F707:onEnter"
"get","literal","bot","4","4582;4589;4594;4601","F707:onEnter"
"onFinish","literal","bot","1","4609","F573:Il2Cpp[""perform""] callback"
"incomingId","literal","bot","3","4612;4613;4618","F708:onEnter;F709:onLeave"
