"decoder_argument","rotated_index","original_index","value","lookup_calls_in_bot"
"374","0","122","cá lòng tong","1"
"375","1","123","cell","1"
"376","2","124","AvatarService","1"
"377","3","125","CookingScr","1"
"378","4","126","<boolean name=""","1"
"379","5","127","currentNum","2"
"380","6","128","reward","1"
"381","7","129",""" value=""([^""]+)""","2"
"382","8","130","round","1"
"383","9","131","OK sếp, lần chăm farm kế tiếp sau ","1"
"384","10","132","need a pier fishing ticket","1"
"385","11","133","STATUS","1"
"386","12","134","ParkListSrc","1"
"387","13","135","flush","3"
"388","14","136","Đã tắt tìm npc.","1"
"389","15","137","listDetailCooking","1"
"390","16","138","endDlg","3"
"391","17","139","phần thưởng","1"
"392","18","140","cần sử dụng mồi câu cá trâm","1"
"393","19","141","invoke","77"
"394","20","142","fish mission","1"
"395","21","143",""">([^<]*)</string>","1"
"396","22","144","OK sếp, đã đổi hạt giống thứ tự ","1"
"397","23","145","idFish","1"
"398","24","146","idPlayers","7"
"399","25","147","overload","1"
"400","26","148","UnityEngine.CoreModule","1"
"401","27","149","write","3"
"402","28","150","close","10"
"403","29","151","isStopTakeSeat","1"
"404","30","152","CHANGE_ZONE","0"
"405","31","153","IDDB","1"
"406","32","154","green frog","1"
"407","33","155",".tmp","1"
"408","34","156","time","1"
"409","35","157","now","5"
"410","36","158","tiny fish","1"
"411","37","159","includes","27"
"412","38","160","LoginScr","1"
"413","39","161","AvMain","1"
"414","40","162","cá hề","1"
"415","41","163","statusTree","1"
"416","42","164","avatar","2"
"417","43","165","zoom","1"
"418","44","166","priceProduct","2"
"419","45","167","trim","6"
"420","46","168","autocauca.io.vn","1"
"421","47","169","floor","2"
"422","48","170","squid","1"
"423","49","171","pointerReleased","9"
"424","50","172","12jPrgbo","0"
"425","51","173","String","6"
"426","52","174","Tự động nấu ăn sẽ tắt sau ","1"
"427","53","175","blue frog","1"
"428","54","176","cmdClose","5"
"429","55","177","doPlantSeed","1"
"430","56","178","LoadMap","1"
"431","57","179","getHandler","1"
"432","58","180","golden fish","1"
"433","59","181","push","11"
"434","60","182","some","1"
"435","61","183","1QTjmBq","0"
"436","62","184","cá ngựa","1"
"437","63","185","getMonth","2"
"438","64","186","doUsingItem","1"
"439","65","187","map","1"
"440","66","188","startsWith","1"
"441","67","189","this area","1"
"442","68","190","split","1"
"443","69","191","no fishing spot","1"
"444","70","192","species","2"
"445","71","193","System.Int32","4"
"446","72","194","onStartFishing","1"
"447","73","195","perch fish","1"
"448","74","196","sort","1"
"449","75","197","FOOD_ID","1"
"450","76","198","</map>","1"
"451","77","199","</string>
</map>","1"
"452","78","200","TField","1"
"453","79","201","stringify","1"
"454","80","202","<int name=""","1"
"455","81","203","sử dụng mồi câu","1"
"456","82","204","cần vé câu cá bến tàu","1"
"457","83","205","onFinish","1"
"458","84","206","chàng hiu","1"
"459","85","207","main","17"
"460","86","208","toString","3"
"461","87","209","null","1"
"462","88","210","USERNAME","1"
"463","89","211","need a snake head ticket","1"
"464","90","212","cần vé câu cá mập","1"
"465","91","213","SEED_ID","1"
"466","92","214","listAnimalInfo","1"
"467","93","215","MiniMap","1"
"468","94","216","zoneon","1"
"469","95","217","str","2"
"470","96","218","paradise","1"
"471","97","219","toLocaleLowerCase","2"
"472","98","220","incomingId","3"
"473","99","221","2056cEdORC","0"
"474","100","222","Đã bật auto siêu tốc thưa sếp.","1"
"475","101","223","    <string name=""","1"
"476","102","224","ALLOW_FISHING","0"
"477","103","225","UnityEngine.Application","1"
"478","104","226","elementAt","4"
"479","105","227","<string name=""","1"
"480","106","228"," phút","2"
"481","107","229","zoneoff","1"
"482","108","230","3NKAuvj","0"
"483","109","231","true","1"
"484","110","232","faston","1"
"485","111","233","IS_PROMO","0"
"486","112","234","value","56"
"487","113","235","MsgDlg","1"
"488","114","236","joinCitymap","1"
"489","115","237","domain","13"
"490","116","238","snake head","1"
"491","117","239","listKeyRecieve","1"
"492","118","240","/data/data/com.TeaM.Avatar/files","1"
"493","119","241","findIndex","1"
"494","120","242","bạch tuộc","1"
"495","121","243","Hmap","1"
"496","122","244","264356gPpbWY","0"
"497","123","245","requestNum","1"
"498","124","246","wMap","1"
"499","125","247","khu vực","1"
"500","126","248","sứa","1"
"501","127","249","pointerPressed","7"
"502","128","250","butter","1"
"503","129","251","1852169CCCGda","0"
"504","130","252","listItemFarm","1"
"505","131","253"," thưa sếp.","1"
"506","132","254","Assembly-CSharp","13"
"507","133","255","perform","43"
"508","134","256","diedTime","1"
"509","135","257","npcoff","1"
"510","136","258","content","2"
"511","137","259","doHarvestCook","1"
"512","138","260","idTree","1"
"513","139","261","hideIcon","1"
"514","140","262","horsefish","1"
"515","141","263","Số lần phải từ 0 trở lên","1"
"516","142","264","attach","14"
"517","143","265","isWorm","1"
"518","144","266","ChatTextField/IActionChat2","1"
"519","145","267","carp","1"
"520","146","268","method","100"
"521","147","0","Canvas null","1"
"522","148","1","cần vé câu cá lóc","1"
"523","149","2","getDate","3"
"524","150","3","doClose","1"
"525","151","4","FAST_AUTO","0"
"526","152","5","isGrass","1"
"527","153","6","doHarvestAnimal","1"
"528","154","7","OK sếp, chăm farm sau ","1"
"529","155","8","fastoff","1"
"530","156","9","Object","36"
"531","157","10","playerLists","1"
"532","158","11","cmdQuanCau","1"
"533","159","12","/minigame_in.json","1"
"534","160","13","name","3"
"535","161","14","chầm chậm","1"
"536","162","15","number","1"
"537","163","16","click error","1"
"538","164","17","tfChat","1"
"539","165","18","getAnimalByIndex","1"
"540","166","19","CustomTab","1"
"541","167","20","setPosButton","1"
"542","168","21","67581tGYaMI","0"
"543","169","22","doCooking","1"
"544","170","23","timeout error","1"
"545","171","24","GIFT_LIST","1"
"546","172","25","length","19"
"547","173","26","cá rô","1"
"548","174","27","min","1"
"549","175","28","names","1"
"550","176","29",".ctor","2"
"551","177","30","doJoinPark","1"
"552","178","31","field","50"
"553","179","32","doSellAnimal","2"
"554","180","33","cá đuối","1"
"555","181","34","instance","16"
"556","182","35","FarmService","1"
"557","183","36","mực","1"
"558","184","37","doHervest","1"
"559","185","38","nhiệm vụ thợ câu","1"
"560","186","39","2387804FLtSSu","0"
"561","187","40","isNull","31"
"562","188","41","setSelected","2"
"563","189","42","class","15"
"564","190","43","Bạn đã nhận đủ quà rồi.","1"
"565","191","44","size","6"
"566","192","45","ParkService","1"
"567","193","46","onJoinPark","1"
"568","194","47","addFlyText","1"
"569","195","48","doMenuOption","1"
"570","196","49","image","19"
"571","197","50","cua","1"
"572","198","51","Giờ này làm gì có chú cuội hả fen","1"
"573","199","52","readText","3"
"574","200","53","Đã tắt hoàn thành nhiệm vụ.","1"
"575","201","54","selected","3"
"576","202","55","crab","1"
"577","203","56","12178088QYMLgI","0"
"578","204","57","date","2"
"579","205","58","IS_TRIAL","0"
"580","206","59","animalLists","1"
"581","207","60","idMap","3"
"582","208","61","listKeySend","1"
"583","209","62","xCam","1"
"584","210","63","getHours","1"
"585","211","64","parse","4"
"586","212","65","LICENSE_KEY","2"
"587","213","66","toInt32","4"
"588","214","67","assembly","21"
"589","215","68","12RBfeGR","0"
"590","216","69","/minigame_out.json","1"
"591","217","70","octopus","1"
"592","218","71","FarmScr","1"
"593","219","72","GameMidlet","1"
"594","220","73","bornTime","1"
"595","221","74","isFarming","1"
"596","222","75","Mã món ăn không hợp lệ.","1"
"597","223","76","FarmData","1"
"598","224","77","cá chép vàng","1"
"599","225","78","startOKDlg","1"
"600","226","79","commandActionPointer","4"
"601","227","80","idShop","1"
"602","228","81","random","2"
"603","229","82","harvestTime","2"
"604","230","83","frog","1"
"605","231","84","addPopup","1"
"606","232","85","doBuyItem","5"
"607","233","86","setBonPhan","2"
"608","234","87","ALLOW_NPC","0"
"609","235","88","doJoin","1"
"610","236","89","invalid seat index","1"
"611","237","90","chú cuội","1"
"612","238","91","cá nóc","1"
"613","239","92","need a bait","1"
"614","240","93","MapScr","1"
"615","241","94","2370ixhdDZ","0"
"616","242","95","rayfish","1"
"617","243","96","1 hộp bánh","1"
"618","244","97","setText","1"
"619","245","98","getTypeMap","1"
"620","246","99","Array","2"
"621","247","100","trunc","1"
"622","248","101"," lần.","1"
"623","249","102","get","3"
"624","250","103","status","3"
"625","251","104","transTab","1"
"626","252","105","2238535FyMhAH","0"
"627","253","106","nemo","1"
"628","254","107","ChatTextField","1"
"629","255","108","/data/data/com.TeaM.Avatar/shared_prefs/AutoAppPrefs.xml","2"
"630","256","109","idFarm","1"
"631","257","110","toLowerCase","5"
"632","258","111","replace","4"
"633","259","112","cmdXong","1"
"634","260","113","virtualAddress","14"
"635","261","114","getFullYear","2"
"636","262","115",""">([^<]+)</string>","1"
"637","263","116","4312kJNFxp","0"
"638","264","117","switchToMe","3"
"639","265","118","update","1"
"640","266","119","price","1"
"641","267","120","match","11"
"642","268","121","use boraras bait","1"
